{"type":"FeatureCollection","features":[{"type":"Feature","properties":{"code":"26","name":"京都府"},"geometry":{"type":"MultiPolygon","coordinates":[[[[135.0367,35.5373],[134.9265,35.5125],[134.9143,35.5448],[134.8542,35.5881],[134.8725,35.6197],[134.8671,35.6581],[134.9353,35.6505],[134.9849,35.6923],[135.0607,35.7081],[135.0857,35.7398],[135.223,35.7792],[135.308,35.6944],[135.3029,35.6628],[135.268,35.6674],[135.1926,35.5711],[135.1931,35.5383],[135.2547,35.5989],[135.2507,35.5702],[135.2739,35.5609],[135.2449,35.5613],[135.2442,35.5359],[135.3303,35.517],[135.3163,35.4512],[135.3468,35.494],[135.3975,35.4788],[135.3963,35.5152],[135.3445,35.5041],[135.3423,35.5518],[135.4263,35.5665],[135.4619,35.6035],[135.4521,35.5675],[135.4865,35.558],[135.449,35.5235],[135.4748,35.5049],[135.4591,35.4675],[135.4958,35.4251],[135.5253,35.4207],[135.5285,35.3797],[135.7007,35.3437],[135.7684,35.3561],[135.8313,35.2761],[135.8581,35.2891],[135.8291,35.2207],[135.8558,35.1595],[135.8355,35.059],[135.815,35.0461],[135.8334,35.0223],[135.8268,34.9911],[135.8493,34.991],[135.8782,34.9475],[135.8664,34.8923],[135.898,34.8712],[135.9405,34.8932],[135.9457,34.8517],[136.005,34.8427],[136.0281,34.8192],[136.0104,34.8007],[136.0335,34.7789],[136.0285,34.7572],[136.0552,34.7384],[136.0285,34.7062],[135.9859,34.7151],[135.9754,34.7409],[135.9254,34.7403],[135.9254,34.7575],[135.89,34.7087],[135.7551,34.7275],[135.7284,34.7779],[135.7447,34.8043],[135.6955,34.8482],[135.6749,34.8987],[135.6307,34.9353],[135.5999,34.928],[135.6129,34.9713],[135.5733,34.9717],[135.5568,34.9381],[135.5807,34.9236],[135.5418,34.9153],[135.481,34.9495],[135.4874,34.9919],[135.3821,35.0101],[135.3688,35.0536],[135.4031,35.0894],[135.3894,35.1288],[135.3405,35.1499],[135.2822,35.1449],[135.2898,35.1699],[135.2738,35.1771],[135.2067,35.1609],[135.1869,35.1718],[135.1967,35.2029],[135.1556,35.2262],[135.1583,35.2599],[135.109,35.2663],[135.0675,35.2372],[135.0565,35.264],[134.9256,35.3112],[134.9338,35.4074],[134.9895,35.3863],[135.0483,35.4074],[135.0367,35.5373]]]]}},{"type":"Feature","properties":{"code":"41","name":"佐賀県"},"geometry":{"type":"MultiPolygon","coordinates":[[[[130.0387,33.4697],[130.2766,33.4783],[130.3953,33.4273],[130.4102,33.395],[130.4962,33.4448],[130.5362,33.4382],[130.5352,33.3428],[130.479,33.3307],[130.4863,33.3123],[130.4554,33.3017],[130.4668,33.2886],[130.4489,33.265],[130.431,33.2925],[130.4146,33.2532],[130.3907,33.2599],[130.3713,33.243],[130.3766,33.2204],[130.3386,33.2033],[130.3549,33.1404],[130.2878,33.1469],[130.2454,33.2029],[130.2149,33.1993],[130.2306,33.1887],[130.2217,33.1653],[130.149,33.1127],[130.1219,33.1247],[130.1123,33.1011],[130.1398,33.0943],[130.2198,32.9595],[130.0857,32.9748],[130.0087,33.019],[129.9935,33.0477],[129.9215,33.0904],[129.9545,33.1166],[129.9425,33.1643],[129.8877,33.1563],[129.818,33.1835],[129.8134,33.2421],[129.7588,33.2903],[129.7899,33.3403],[129.836,33.2867],[129.8528,33.2921],[129.8274,33.3124],[129.8484,33.3287],[129.8273,33.3373],[129.8474,33.3369],[129.868,33.4075],[129.8227,33.4118],[129.8307,33.4218],[129.7828,33.4541],[129.8062,33.4573],[129.7936,33.4713],[129.8055,33.485],[129.8382,33.4621],[129.8352,33.4436],[129.8579,33.4538],[129.8314,33.4762],[129.8443,33.4786],[129.8273,33.5176],[129.8563,33.5055],[129.8396,33.5222],[129.8562,33.5191],[129.8451,33.5553],[129.8749,33.5371],[129.8744,33.5161],[129.8958,33.5494],[129.956,33.5295],[129.967,33.5086],[129.9362,33.4786],[129.9546,33.4693],[129.9624,33.4835],[129.9671,33.4552],[130.0194,33.4463],[130.0387,33.4697]]]]}},{"type":"Feature","properties":{"code":"43","name":"熊本県"},"geometry":{"type":"MultiPolygon","coordinates":[[[[131.1104,33.1831],[131.1597,33.1409],[131.1736,33.0834],[131.2145,33.055],[131.2271,33.0109],[131.2628,32.9762],[131.2452,32.9586],[131.2549,32.8919],[131.3286,32.8329],[131.2649,32.8262],[131.2344,32.7811],[131.2342,32.7442],[131.1788,32.7111],[131.1747,32.6725],[131.1429,32.6761],[131.1162,32.6427],[131.1073,32.5831],[131.0503,32.5865],[131.0171,32.5455],[131.019,32.4395],[131.0422,32.4091],[131.0665,32.4074],[131.0735,32.3575],[131.1105,32.3285],[131.0779,32.2813],[131.0503,32.2863],[131.0415,32.2502],[131.0997,32.2014],[131.1081,32.1599],[131.0127,32.1738],[130.9724,32.1211],[130.9044,32.1331],[130.8565,32.0995],[130.7581,32.0967],[130.7013,32.1057],[130.6218,32.1558],[130.604,32.1869],[130.5386,32.137],[130.476,32.1389],[130.4533,32.1134],[130.4035,32.1197],[130.3594,32.1803],[130.379,32.176],[130.3718,32.2027],[130.4016,32.2353],[130.4394,32.2367],[130.4274,32.2641],[130.489,32.2961],[130.4641,32.3263],[130.5054,32.3538],[130.489,32.3658],[130.5732,32.4341],[130.5689,32.4753],[130.5415,32.4953],[130.5726,32.5094],[130.5388,32.5332],[130.6334,32.6033],[130.6163,32.6173],[130.6532,32.6129],[130.6595,32.6313],[130.651,32.6424],[130.459,32.6067],[130.4593,32.633],[130.6075,32.7129],[130.5901,32.7638],[130.6135,32.7925],[130.5834,32.8415],[130.5229,32.8517],[130.5229,32.8813],[130.4433,32.9145],[130.429,32.9962],[130.4132,33.0029],[130.5053,33.0032],[130.4968,33.0522],[130.565,33.0872],[130.5797,33.1157],[130.6588,33.1101],[130.6792,33.1712],[130.6905,33.1519],[130.7305,33.1546],[130.8863,33.0865],[130.8979,33.0646],[130.988,33.0236],[131.0231,33.0874],[130.9776,33.1405],[130.9916,33.1833],[131.1104,33.1831]]],[[[130.3533,32.4048],[130.3492,32.4213],[130.3285,32.3985],[130.2608,32.4104],[130.2336,32.3848],[130.2444,32.4079],[130.2108,32.4308],[130.1928,32.3884],[130.2189,32.3919],[130.2238,32.3661],[130.2035,32.3255],[130.172,32.3103],[130.1755,32.3393],[130.1578,32.3357],[130.1389,32.2973],[130.1653,32.2967],[130.0916,32.255],[130.101,32.2369],[130.0898,32.2273],[130.0795,32.2428],[130.0771,32.2124],[130.0442,32.199],[130.0279,32.2139],[130.0223,32.1886],[130.0113,32.2014],[129.9999,32.1901],[130.0102,32.2375],[129.9878,32.2408],[129.9985,32.2532],[129.9674,32.2427],[130.0117,32.2987],[130.0316,32.2744],[130.0278,32.2988],[130.0509,32.3027],[130.0603,32.2775],[130.0699,32.2995],[130.0242,32.3159],[129.9943,32.3065],[129.9765,32.3297],[129.9753,32.3582],[130.0457,32.4886],[130.0194,32.5348],[130.0357,32.5362],[130.0434,32.5124],[130.1175,32.548],[130.185,32.5476],[130.1995,32.4477],[130.2888,32.4839],[130.317,32.5174],[130.3828,32.5241],[130.3919,32.4995],[130.4599,32.5301],[130.4079,32.4353],[130.4219,32.4325],[130.4017,32.4255],[130.4029,32.3946],[130.3553,32.3768],[130.3533,32.4048]]]]}},{"type":"Feature","properties":{"code":"37","name":"香川県"},"geometry":{"type":"MultiPolygon","coordinates":[[[[134.332,34.5631],[134.3648,34.5611],[134.3443,34.5457],[134.3595,34.5301],[134.3378,34.4342],[134.3189,34.458],[134.2777,34.4468],[134.3149,34.459],[134.2967,34.4798],[134.2671,34.4675],[134.232,34.4145],[134.2364,34.4375],[134.2236,34.4373],[134.2413,34.4581],[134.2277,34.4805],[134.1413,34.4698],[134.1568,34.4929],[134.1803,34.4873],[134.156,34.5047],[134.1715,34.5289],[134.1861,34.5159],[134.332,34.5631]]],[[[134.1348,34.1513],[134.1218,34.1187],[134.0503,34.1179],[133.9968,34.0738],[133.9718,34.0731],[133.9385,34.1153],[133.8329,34.0975],[133.8195,34.0739],[133.7774,34.0781],[133.7203,34.022],[133.679,34.0124],[133.5979,34.0436],[133.6336,34.0716],[133.6479,34.1935],[133.5571,34.2613],[133.6218,34.2355],[133.6716,34.2465],[133.6735,34.2218],[133.7366,34.2632],[133.7307,34.2786],[133.7721,34.2883],[133.7615,34.2999],[133.7777,34.2895],[133.7813,34.3099],[133.7923,34.2942],[133.7884,34.308],[133.8286,34.3229],[133.8186,34.3529],[133.8559,34.3577],[133.834,34.3248],[133.885,34.3403],[133.8954,34.3831],[133.927,34.3896],[134.0008,34.3511],[134.0595,34.3478],[134.0697,34.362],[134.0683,34.3471],[134.0769,34.3616],[134.079,34.3476],[134.0911,34.3848],[134.1222,34.3606],[134.1204,34.3982],[134.1348,34.3997],[134.1621,34.3842],[134.165,34.3259],[134.19,34.332],[134.1817,34.3526],[134.2129,34.3502],[134.2101,34.3694],[134.2332,34.3373],[134.2491,34.3515],[134.2658,34.336],[134.2468,34.3077],[134.262,34.2829],[134.3419,34.2532],[134.3774,34.2616],[134.4397,34.2079],[134.4184,34.1575],[134.3493,34.1853],[134.2974,34.1685],[134.2594,34.1833],[134.1734,34.1767],[134.1348,34.1513]]]]}},{"type":"Feature","properties":{"code":"23","name":"愛知県"},"geometry":{"type":"MultiPolygon","coordinates":[[[[136.9609,35.4145],[136.993,35.4243],[136.978,35.4041],[137.0474,35.365],[137.0472,35.3365],[137.0681,35.3351],[137.0817,35.2921],[137.1652,35.2825],[137.1858,35.2532],[137.3078,35.2911],[137.4297,35.2228],[137.5196,35.2831],[137.5673,35.2896],[137.5459,35.2532],[137.5785,35.1984],[137.6822,35.2347],[137.777,35.2034],[137.838,35.2125],[137.803,35.1832],[137.8285,35.1537],[137.7925,35.1344],[137.8002,35.1053],[137.7172,35.035],[137.7071,34.9723],[137.6614,34.9457],[137.6398,34.8921],[137.5868,34.8499],[137.502,34.8328],[137.4868,34.8114],[137.4839,34.6738],[137.1443,34.5904],[137.0175,34.5783],[137.074,34.6623],[137.1185,34.6348],[137.14,34.6452],[137.1309,34.6559],[137.224,34.6759],[137.2456,34.7061],[137.2608,34.6958],[137.2847,34.7309],[137.3008,34.7278],[137.3008,34.6937],[137.2846,34.6789],[137.3069,34.6784],[137.325,34.7022],[137.3096,34.7006],[137.3082,34.7248],[137.3515,34.7274],[137.3203,34.7326],[137.3305,34.7806],[137.2979,34.8105],[137.2161,34.8229],[137.1705,34.7652],[137.1682,34.7876],[137.0273,34.7773],[136.9968,34.8161],[136.9509,34.8234],[136.9836,34.8933],[136.9826,34.9592],[136.9625,34.8741],[136.9279,34.8655],[136.9143,34.7709],[136.9631,34.7347],[136.972,34.6956],[136.8853,34.723],[136.8398,34.7639],[136.8663,34.8365],[136.8377,34.8843],[136.8211,34.8837],[136.8202,34.9662],[136.8456,35.0079],[136.8696,35.0083],[136.8518,35.0162],[136.8676,35.0632],[136.8963,35.0841],[136.8672,35.093],[136.8458,35.034],[136.8494,35.0779],[136.8281,35.0827],[136.8183,35.0633],[136.8317,35.0647],[136.8384,35.0309],[136.8121,35.0256],[136.8168,35.0515],[136.7967,35.0515],[136.8003,35.0297],[136.7804,35.0335],[136.7938,35.0149],[136.7704,35.0214],[136.7468,35.0824],[136.6725,35.1347],[136.6777,35.241],[136.7703,35.3687],[136.8338,35.3559],[136.9211,35.3791],[136.9609,35.4145]]]]}},{"type":"Feature","properties":{"code":"09","name":"栃木県"},"geometry":{"type":"Polygon","coordinates":[[[139.9614,37.1535],[140.1378,37.1064],[140.1941,37.0641],[140.2046,37.024],[140.2492,37.0261],[140.2408,36.9499],[140.2643,36.9334],[140.2489,36.9199],[140.267,36.8236],[140.2555,36.7645],[140.2926,36.7127],[140.2206,36.6859],[140.2603,36.5176],[140.2309,36.5029],[140.1853,36.3983],[140.1304,36.4147],[140.101,36.3942],[140.0665,36.4038],[140.0449,36.3751],[139.9733,36.3785],[139.9645,36.3509],[139.9142,36.3365],[139.9096,36.3006],[139.8782,36.323],[139.8487,36.3113],[139.8217,36.2398],[139.7274,36.2016],[139.6648,36.2072],[139.6309,36.2545],[139.6428,36.2667],[139.6218,36.2737],[139.563,36.267],[139.5266,36.2846],[139.4644,36.2715],[139.3611,36.3838],[139.4097,36.4585],[139.4351,36.4642],[139.4219,36.5087],[139.4383,36.5482],[139.4834,36.5824],[139.4653,36.6065],[139.3979,36.6023],[139.3279,36.6336],[139.337,36.6921],[139.3718,36.7457],[139.3531,36.7737],[139.4064,36.8296],[139.3487,36.8527],[139.3564,36.8781],[139.4098,36.9272],[139.4285,36.925],[139.4599,36.9697],[139.5356,36.9811],[139.6735,37.0579],[139.7529,37.0711],[139.7758,37.0917],[139.822,37.0855],[139.8163,37.1182],[139.8664,37.1474],[139.9614,37.1535]]]}},{"type":"Feature","properties":{"code":"19","name":"山梨県"},"geometry":{"type":"Polygon","coordinates":[[[138.3703,35.9715],[138.4403,35.9523],[138.4544,35.9003],[138.4711,35.8967],[138.5093,35.922],[138.5906,35.9196],[138.6117,35.9094],[138.6105,35.8742],[138.6761,35.8699],[138.6933,35.8995],[138.7288,35.9093],[138.8929,35.8399],[138.944,35.8547],[139.0256,35.7193],[139.1295,35.6742],[139.1291,35.5637],[139.0852,35.5121],[139.0461,35.5097],[139.0266,35.4808],[138.9372,35.4489],[138.9162,35.4005],[138.8732,35.3815],[138.6804,35.3577],[138.6635,35.3983],[138.6096,35.3932],[138.5819,35.4457],[138.5589,35.4341],[138.5316,35.4062],[138.5349,35.3306],[138.5125,35.3141],[138.5329,35.2015],[138.4916,35.1685],[138.4292,35.1819],[138.3954,35.2062],[138.3654,35.3117],[138.3283,35.3275],[138.2856,35.3046],[138.2488,35.3315],[138.2511,35.3623],[138.2328,35.3762],[138.2571,35.4067],[138.2443,35.4558],[138.268,35.5157],[138.2318,35.639],[138.1803,35.7128],[138.2356,35.7575],[138.1855,35.7949],[138.2379,35.8822],[138.2835,35.8595],[138.3703,35.9715]]]}},{"type":"Feature","properties":{"code":"25","name":"滋賀県"},"geometry":{"type":"Polygon","coordinates":[[[136.15,35.6978],[136.185,35.7037],[136.2804,35.6611],[136.2887,35.6203],[136.3233,35.6163],[136.3178,35.5469],[136.3457,35.536],[136.3718,35.5597],[136.4002,35.5299],[136.3872,35.4879],[136.4197,35.4665],[136.4115,35.4186],[136.4441,35.3895],[136.4134,35.3713],[136.3965,35.2574],[136.3781,35.2427],[136.4149,35.2177],[136.4083,35.1872],[136.4538,35.152],[136.436,35.1301],[136.4412,35.0651],[136.4182,35.0484],[136.4143,34.9796],[136.373,34.9418],[136.3656,34.9049],[136.2503,34.8578],[136.1106,34.9019],[136.0852,34.8777],[136.1266,34.8618],[136.0857,34.8375],[136.0903,34.8139],[136.0263,34.7907],[136.0104,34.8007],[136.0272,34.8218],[136.005,34.8427],[135.9457,34.8517],[135.9405,34.8932],[135.898,34.8712],[135.8664,34.8923],[135.8782,34.9475],[135.8493,34.991],[135.8268,34.9911],[135.8334,35.0223],[135.815,35.0461],[135.8355,35.059],[135.8557,35.1533],[135.8291,35.2207],[135.8604,35.283],[135.8313,35.2761],[135.809,35.3161],[135.7637,35.3445],[135.8151,35.4131],[135.8528,35.4115],[135.8616,35.3951],[135.8904,35.4038],[135.9398,35.5204],[135.9815,35.4868],[136.0059,35.4916],[136.0261,35.5296],[136.1051,35.5288],[136.1133,35.5829],[136.1685,35.5655],[136.1767,35.5961],[136.1342,35.6699],[136.15,35.6978]]]}},{"type":"Feature","properties":{"code":"10","name":"群馬県"},"geometry":{"type":"Polygon","coordinates":[[[138.6443,36.4115],[138.5922,36.4245],[138.4898,36.4016],[138.4009,36.4347],[138.3972,36.4887],[138.4285,36.5556],[138.4274,36.5961],[138.4728,36.6435],[138.5252,36.6515],[138.5344,36.6664],[138.514,36.6903],[138.7119,36.7388],[138.7263,36.7638],[138.7894,36.745],[138.8261,36.7717],[138.8215,36.8171],[138.9284,36.8326],[138.923,36.8835],[138.979,36.8911],[138.9665,36.9789],[139.047,36.9875],[139.0902,37.0196],[139.097,37.0588],[139.1719,37.0003],[139.1803,36.9647],[139.2283,36.9613],[139.2415,36.9302],[139.2665,36.9413],[139.3934,36.9109],[139.3487,36.8527],[139.4064,36.8296],[139.3531,36.7737],[139.3718,36.7457],[139.337,36.6921],[139.3279,36.6336],[139.3979,36.6023],[139.4653,36.6065],[139.4834,36.5824],[139.4383,36.5482],[139.4219,36.5087],[139.4351,36.4642],[139.4097,36.4585],[139.3611,36.3838],[139.4644,36.2715],[139.5266,36.2846],[139.563,36.267],[139.6218,36.2737],[139.6428,36.2667],[139.6309,36.2545],[139.6693,36.2125],[139.6249,36.1866],[139.5879,36.2104],[139.4572,36.1906],[139.3595,36.2532],[139.3235,36.2297],[139.1293,36.2834],[139.0632,36.1959],[139.0428,36.1296],[138.9584,36.1243],[138.9458,36.0963],[138.8661,36.0777],[138.8285,36.0373],[138.755,36.0346],[138.7127,35.9853],[138.6314,36.0283],[138.6452,36.1198],[138.598,36.1381],[138.5773,36.1681],[138.637,36.1745],[138.6004,36.2785],[138.6535,36.3031],[138.6443,36.4115]]]}},{"type":"Feature","properties":{"code":"04","name":"宮城県"},"geometry":{"type":"MultiPolygon","coordinates":[[[[141.4839,38.9785],[141.5103,39.0029],[141.6322,38.971],[141.6746,38.8667],[141.6579,38.8626],[141.6377,38.9019],[141.6055,38.8803],[141.5754,38.9059],[141.594,38.8903],[141.583,38.8522],[141.6034,38.8278],[141.5165,38.7718],[141.5461,38.7334],[141.5642,38.7405],[141.5609,38.6905],[141.5256,38.7167],[141.5107,38.6853],[141.4906,38.69],[141.4943,38.6741],[141.4448,38.6738],[141.4447,38.6432],[141.5294,38.6374],[141.5251,38.6106],[141.46,38.5763],[141.4968,38.5326],[141.5322,38.5491],[141.5427,38.5032],[141.5244,38.4895],[141.5137,38.5132],[141.4705,38.5215],[141.4968,38.4961],[141.4766,38.4641],[141.5126,38.4508],[141.4476,38.4415],[141.4752,38.4199],[141.4724,38.3941],[141.5018,38.4158],[141.5141,38.3931],[141.5388,38.4],[141.5303,38.3821],[141.4825,38.3769],[141.5145,38.371],[141.5338,38.3413],[141.5242,38.2719],[141.4968,38.3055],[141.4496,38.3157],[141.4748,38.3308],[141.4627,38.3515],[141.418,38.3473],[141.4588,38.3743],[141.4332,38.3736],[141.4312,38.3995],[141.3741,38.3837],[141.3589,38.4138],[141.2666,38.4199],[141.1606,38.3653],[141.1779,38.3204],[141.1498,38.334],[141.1387,38.3221],[141.133,38.3406],[141.1531,38.3566],[141.1333,38.3775],[141.0628,38.3697],[141.0664,38.3515],[141.0426,38.349],[141.0524,38.3334],[141.0251,38.3201],[141.0449,38.3193],[141.0361,38.3072],[141.0766,38.3199],[141.0899,38.3014],[141.041,38.2721],[140.9991,38.2733],[141.0468,38.2651],[141.0241,38.2653],[140.9863,38.2177],[140.9281,38.0865],[140.9145,37.9937],[140.9312,37.8963],[140.8567,37.8913],[140.8574,37.8041],[140.7751,37.8065],[140.7651,37.7964],[140.7929,37.7734],[140.6945,37.8035],[140.6794,37.8365],[140.6904,37.8883],[140.6613,37.9007],[140.5672,37.9228],[140.4882,37.8999],[140.4696,37.9199],[140.475,37.947],[140.4078,37.9735],[140.3513,37.9505],[140.2752,37.9821],[140.2896,38.0073],[140.2772,38.0565],[140.3726,38.0573],[140.4211,38.0865],[140.4242,38.1188],[140.4795,38.1807],[140.4714,38.2697],[140.5293,38.3208],[140.5268,38.3581],[140.5783,38.3931],[140.5807,38.4376],[140.6201,38.4555],[140.564,38.5109],[140.5553,38.5425],[140.5789,38.5685],[140.538,38.6341],[140.5467,38.6501],[140.6007,38.6399],[140.6243,38.6918],[140.6074,38.7207],[140.6463,38.7688],[140.6053,38.7833],[140.5912,38.8353],[140.5411,38.8618],[140.5473,38.8895],[140.5617,38.8741],[140.6147,38.8944],[140.6385,38.8833],[140.7468,38.9569],[140.8262,38.9635],[140.958,38.9085],[140.9865,38.8755],[141.1401,38.8779],[141.1463,38.8559],[141.1059,38.8232],[141.1407,38.8139],[141.1483,38.7846],[141.1812,38.7848],[141.2348,38.7484],[141.2736,38.7969],[141.3035,38.7933],[141.3104,38.8227],[141.3945,38.7997],[141.4107,38.7681],[141.4383,38.7833],[141.4297,38.8109],[141.4589,38.8148],[141.4502,38.8365],[141.4663,38.8572],[141.4514,38.8767],[141.4916,38.9159],[141.4839,38.9785]]]]}},{"type":"Feature","properties":{"code":"22","name":"静岡県"},"geometry":{"type":"MultiPolygon","coordinates":[[[[138.2186,35.6445],[138.268,35.5157],[138.2443,35.4558],[138.2571,35.4067],[138.2328,35.3762],[138.2511,35.3623],[138.2488,35.3315],[138.2856,35.3046],[138.3283,35.3275],[138.3586,35.3173],[138.3986,35.2003],[138.4404,35.1779],[138.4916,35.1685],[138.5329,35.2015],[138.5125,35.3141],[138.5349,35.3306],[138.5334,35.4106],[138.5819,35.4457],[138.6096,35.3932],[138.6635,35.3983],[138.6804,35.3577],[138.9162,35.4005],[139.0017,35.3988],[139.0187,35.3298],[138.976,35.2356],[139.0287,35.1506],[139.1115,35.1413],[139.0687,35.0568],[139.0995,35.0461],[139.0984,35.0075],[139.0835,35.0032],[139.0957,34.9756],[139.1452,34.9558],[139.1479,34.9361],[139.1405,34.8907],[139.0825,34.8521],[139.0478,34.7677],[138.9975,34.7425],[138.9734,34.6907],[138.9872,34.6579],[138.9571,34.654],[138.9635,34.6725],[138.9478,34.6737],[138.9048,34.6289],[138.8436,34.6011],[138.778,34.6397],[138.7883,34.6696],[138.7392,34.6899],[138.7391,34.7262],[138.7756,34.7517],[138.7517,34.8192],[138.7753,34.8563],[138.7561,34.8845],[138.7897,34.908],[138.7631,34.9626],[138.7797,35.0174],[138.7893,35.0302],[138.8896,35.0173],[138.9063,35.0479],[138.8871,35.0465],[138.8278,35.107],[138.685,35.1451],[138.698,35.1345],[138.5564,35.1015],[138.533,35.0553],[138.494,35.032],[138.5029,34.9859],[138.5041,35.0153],[138.5332,35.0131],[138.5148,34.9835],[138.3573,34.9151],[138.3242,34.8697],[138.3387,34.8326],[138.2892,34.7817],[138.3006,34.7709],[138.2268,34.7273],[138.1976,34.6699],[138.1942,34.6376],[138.2267,34.5946],[138.0631,34.6577],[137.9015,34.6671],[137.7986,34.6447],[137.7444,34.6677],[137.4839,34.6738],[137.4868,34.8114],[137.502,34.8328],[137.5868,34.8499],[137.6398,34.8921],[137.6614,34.9457],[137.7071,34.9723],[137.7172,35.035],[137.8002,35.1053],[137.7925,35.1344],[137.8285,35.1537],[137.803,35.1832],[137.8278,35.2114],[137.8718,35.2188],[137.8824,35.2481],[137.9191,35.2552],[137.9305,35.2757],[138.0187,35.3009],[138.0566,35.3441],[138.0873,35.3379],[138.1419,35.3707],[138.1521,35.3981],[138.1193,35.4479],[138.1602,35.47],[138.1645,35.4939],[138.14,35.4997],[138.1381,35.5219],[138.1594,35.5451],[138.1423,35.5555],[138.1628,35.5815],[138.1899,35.5787],[138.2186,35.6445]]]]}},{"type":"Feature","properties":{"code":"08","name":"茨城県"},"geometry":{"type":"MultiPolygon","coordinates":[[[[140.5682,36.9375],[140.5863,36.9455],[140.6164,36.9035],[140.7794,36.8666],[140.8062,36.8313],[140.7705,36.8199],[140.7468,36.7807],[140.7164,36.6624],[140.6117,36.4871],[140.6234,36.4818],[140.6081,36.4403],[140.6269,36.4312],[140.6082,36.4312],[140.6097,36.4053],[140.6268,36.3813],[140.588,36.3107],[140.5659,36.3047],[140.5597,36.2558],[140.61,36.0865],[140.7011,35.9377],[140.6784,35.9199],[140.6629,35.9286],[140.6748,35.897],[140.6908,35.8829],[140.6773,35.912],[140.7071,35.925],[140.8467,35.74],[140.7468,35.7818],[140.7061,35.8365],[140.6318,35.8589],[140.5989,35.9032],[140.5113,35.9587],[140.4872,35.9281],[140.5028,35.9058],[140.4585,35.9261],[140.3665,35.9002],[140.3176,35.8644],[140.2812,35.8741],[140.1466,35.8456],[140.1218,35.8736],[140.0705,35.8784],[139.9392,35.9403],[139.9341,35.9684],[139.8842,35.9889],[139.7868,36.1041],[139.7703,36.0812],[139.7298,36.0879],[139.6912,36.1726],[139.6914,36.2061],[139.7274,36.2016],[139.8217,36.2398],[139.8487,36.3113],[139.8782,36.323],[139.9096,36.3006],[139.9142,36.3365],[139.9645,36.3509],[139.9733,36.3785],[140.0449,36.3751],[140.0665,36.4038],[140.101,36.3942],[140.1304,36.4147],[140.1916,36.4043],[140.2309,36.5029],[140.2603,36.5176],[140.2206,36.6859],[140.2926,36.7127],[140.2568,36.7572],[140.2524,36.9277],[140.2983,36.9294],[140.3257,36.8928],[140.3678,36.8807],[140.3773,36.838],[140.4385,36.8216],[140.4637,36.7918],[140.5394,36.8592],[140.5919,36.8731],[140.5682,36.9375]]]]}},{"type":"Feature","properties":{"code":"47","name":"沖縄県"},"geometry":{"type":"MultiPolygon","coordinates":[[[[128.1534,26.7166],[128.1515,26.7451],[128.1788,26.7475],[128.2305,26.7966],[128.2486,26.8704],[128.3036,26.8445],[128.3258,26.7493],[128.2377,26.6329],[128.1487,26.6291],[128.1502,26.5977],[128.1229,26.6025],[128.1497,26.5679],[128.0939,26.534],[128.0321,26.5527],[128.0519,26.5201],[127.9962,26.509],[128.0011,26.485],[127.9502,26.4721],[127.9479,26.4375],[127.8686,26.4569],[127.8302,26.4311],[127.8768,26.3786],[127.8851,26.342],[127.9174,26.3293],[127.9202,26.2954],[127.8649,26.3439],[127.838,26.3315],[127.8466,26.316],[127.8098,26.2975],[127.8162,26.2774],[127.7874,26.2266],[127.7564,26.205],[127.7765,26.1721],[127.8206,26.1915],[127.8303,26.1683],[127.7245,26.0911],[127.6584,26.0805],[127.6676,26.133],[127.6469,26.1444],[127.6681,26.1513],[127.6467,26.1513],[127.6545,26.1725],[127.6354,26.1977],[127.6506,26.2171],[127.6727,26.2068],[127.6615,26.2153],[127.6825,26.2246],[127.6676,26.2455],[127.74,26.2807],[127.7588,26.3086],[127.7107,26.4404],[127.7354,26.4216],[127.7696,26.4449],[127.7968,26.4361],[127.8443,26.4804],[127.8427,26.5032],[127.9177,26.5171],[127.9807,26.5724],[127.9449,26.6013],[127.894,26.6056],[127.8784,26.7085],[128.0021,26.6879],[127.9816,26.6488],[128.0234,26.6265],[128.1099,26.6675],[128.1259,26.6575],[128.1,26.6779],[128.1534,26.7166]]],[[[126.7255,26.3461],[126.7095,26.3695],[126.778,26.3904],[126.8232,26.3447],[126.8043,26.3252],[126.8102,26.2908],[126.7774,26.3057],[126.7588,26.3409],[126.7255,26.3461]]],[[[125.306,24.7115],[125.2507,24.7554],[125.2604,24.7679],[125.2813,24.7509],[125.2552,24.7949],[125.2943,24.8454],[125.2529,24.9098],[125.2963,24.8777],[125.3324,24.7991],[125.4296,24.7608],[125.4673,24.7189],[125.3689,24.7289],[125.306,24.7115]]],[[[124.173,24.3279],[124.1082,24.3632],[124.1399,24.4111],[124.113,24.4323],[124.0818,24.4139],[124.0738,24.4512],[124.1161,24.4446],[124.1126,24.48],[124.1404,24.4617],[124.1365,24.4401],[124.2181,24.4527],[124.2252,24.4971],[124.253,24.5175],[124.2754,24.5045],[124.2908,24.5387],[124.2789,24.5576],[124.3081,24.6069],[124.3355,24.6027],[124.3033,24.5259],[124.2489,24.4651],[124.2465,24.357],[124.2345,24.3434],[124.1958,24.3513],[124.173,24.3279]]],[[[123.8718,24.2544],[123.7204,24.2986],[123.7172,24.2775],[123.6797,24.2819],[123.6602,24.3071],[123.6851,24.3095],[123.6832,24.3313],[123.707,24.3127],[123.7017,24.3484],[123.7499,24.3117],[123.7416,24.3929],[123.7807,24.4365],[123.8148,24.3909],[123.8718,24.4029],[123.9378,24.3643],[123.9257,24.3145],[123.9102,24.3243],[123.8981,24.3014],[123.9028,24.2746],[123.8811,24.2798],[123.8718,24.2544]]]]}},{"type":"Feature","properties":{"code":"06","name":"山形県"},"geometry":{"type":"MultiPolygon","coordinates":[[[[139.8698,39.1186],[139.9947,39.1059],[140.0626,39.1339],[140.0627,39.0933],[140.1509,39.0495],[140.1963,39.0615],[140.2019,39.0353],[140.3071,39.0148],[140.3294,39.0352],[140.3625,39.026],[140.3765,38.9948],[140.4463,38.9803],[140.4623,38.9199],[140.5024,38.8952],[140.5368,38.9009],[140.5411,38.8618],[140.5912,38.8353],[140.6053,38.7833],[140.6463,38.7688],[140.6074,38.7207],[140.6243,38.6918],[140.6007,38.6399],[140.5467,38.6501],[140.538,38.6341],[140.5789,38.5685],[140.5553,38.5425],[140.564,38.5109],[140.6201,38.4555],[140.5807,38.4376],[140.5783,38.3931],[140.5268,38.3581],[140.5293,38.3208],[140.4714,38.2697],[140.4795,38.1807],[140.4242,38.1188],[140.4156,38.0792],[140.3726,38.0573],[140.2772,38.0565],[140.2896,38.0073],[140.2627,37.8355],[140.2988,37.809],[140.2373,37.7467],[140.167,37.7573],[140.1175,37.7346],[140.0494,37.7793],[139.9927,37.7589],[139.9374,37.8285],[139.8859,37.8099],[139.8585,37.827],[139.8102,37.8035],[139.7836,37.8319],[139.7422,37.8207],[139.7164,37.8538],[139.6811,37.8472],[139.6294,37.894],[139.6555,38.0343],[139.6928,38.0572],[139.6723,38.0771],[139.6933,38.1155],[139.6826,38.1699],[139.6992,38.2027],[139.7867,38.1929],[139.8605,38.2317],[139.8988,38.2925],[139.8489,38.343],[139.7531,38.3597],[139.7061,38.3919],[139.7219,38.4966],[139.5988,38.5234],[139.5403,38.5584],[139.6149,38.6747],[139.6982,38.7302],[139.7617,38.8005],[139.8117,38.9451],[139.8354,38.9565],[139.819,38.9609],[139.8718,39.0687],[139.8698,39.1186]]]]}},{"type":"Feature","properties":{"code":"30","name":"和歌山県"},"geometry":{"type":"MultiPolygon","coordinates":[[[[135.5287,34.3513],[135.6507,34.3832],[135.673,34.2807],[135.7083,34.2713],[135.729,34.2338],[135.7073,34.2082],[135.6475,34.2187],[135.6218,34.1596],[135.5459,34.0978],[135.5396,34.075],[135.58,34.0569],[135.5955,34.0115],[135.6356,33.9908],[135.6362,33.9503],[135.6173,33.9543],[135.5996,33.9081],[135.6218,33.8981],[135.6183,33.8719],[135.6866,33.9039],[135.7557,33.8851],[135.8082,33.9065],[135.8479,33.8956],[135.8563,33.818],[135.937,33.7575],[135.9412,33.7351],[136.0113,33.7235],[135.974,33.6785],[135.9791,33.6489],[135.9358,33.6402],[135.9517,33.6192],[135.9258,33.6046],[135.9609,33.595],[135.9576,33.5806],[135.7982,33.4989],[135.7873,33.4378],[135.7524,33.4377],[135.7759,33.4651],[135.7594,33.4841],[135.708,33.4781],[135.6302,33.5086],[135.5924,33.498],[135.4876,33.5503],[135.4463,33.5491],[135.4472,33.5641],[135.3918,33.5907],[135.393,33.6393],[135.33,33.6701],[135.3351,33.6945],[135.3773,33.6833],[135.3998,33.7203],[135.3539,33.7262],[135.354,33.744],[135.3281,33.7415],[135.311,33.7693],[135.2344,33.7813],[135.1438,33.8834],[135.0572,33.8797],[135.058,33.9025],[135.0832,33.9111],[135.068,33.9309],[135.1146,33.9597],[135.0806,33.956],[135.0675,33.9761],[135.1734,34.0319],[135.1358,34.0643],[135.0789,34.0734],[135.1153,34.1199],[135.1445,34.1112],[135.1243,34.1359],[135.2089,34.1518],[135.1838,34.1483],[135.1795,34.1865],[135.1417,34.1871],[135.138,34.2253],[135.1,34.2357],[135.1322,34.2297],[135.1203,34.2431],[135.0611,34.2635],[135.0735,34.3041],[135.1031,34.3104],[135.1112,34.272],[135.1531,34.2742],[135.2048,34.2888],[135.2076,34.3081],[135.2822,34.3178],[135.2931,34.2993],[135.3382,34.3351],[135.3971,34.3305],[135.485,34.3627],[135.503,34.3365],[135.5287,34.3513]]],[[[135.9153,33.9725],[136.0066,34.0071],[135.9951,34.0002],[136.011,33.9662],[135.9766,33.9664],[135.9686,33.929],[135.9278,33.9409],[135.9177,33.9222],[135.9323,33.9167],[135.901,33.9243],[135.8934,33.9481],[135.9153,33.9725]]]]}},{"type":"Feature","properties":{"code":"42","name":"長崎県"},"geometry":{"type":"MultiPolygon","coordinates":[[[[129.3831,34.4243],[129.3638,34.4341],[129.3786,34.4122],[129.351,34.3867],[129.3968,34.4118],[129.3718,34.3697],[129.393,34.3618],[129.3644,34.3449],[129.394,34.3351],[129.3646,34.3387],[129.3777,34.3119],[129.3621,34.32],[129.3517,34.2958],[129.3328,34.3183],[129.3522,34.3193],[129.3402,34.3563],[129.3542,34.3743],[129.3219,34.3695],[129.3077,34.3369],[129.3101,34.3886],[129.2822,34.3831],[129.2871,34.3393],[129.2268,34.3617],[129.2754,34.3728],[129.2736,34.4404],[129.2928,34.4333],[129.3127,34.4655],[129.2818,34.4481],[129.2734,34.4677],[129.3068,34.5263],[129.3133,34.5149],[129.3192,34.5375],[129.3436,34.5333],[129.3049,34.5679],[129.2857,34.56],[129.3203,34.6487],[129.3957,34.6391],[129.3825,34.6489],[129.4058,34.6767],[129.4328,34.6727],[129.4149,34.6921],[129.448,34.7066],[129.4963,34.6673],[129.4645,34.654],[129.49,34.6453],[129.4783,34.6177],[129.4464,34.6312],[129.4552,34.6125],[129.4324,34.6177],[129.4776,34.5949],[129.4725,34.5562],[129.3684,34.453],[129.3831,34.4243]]],[[[129.2134,34.0839],[129.212,34.1132],[129.1663,34.1032],[129.2035,34.331],[129.2267,34.3224],[129.2216,34.2935],[129.2792,34.3059],[129.2897,34.2769],[129.266,34.3279],[129.3087,34.3077],[129.3046,34.2772],[129.3162,34.2971],[129.3472,34.2972],[129.352,34.2775],[129.316,34.2623],[129.3248,34.226],[129.298,34.2227],[129.2982,34.1941],[129.2873,34.1999],[129.281,34.1303],[129.2294,34.1116],[129.2134,34.0839]]],[[[129.7159,33.7044],[129.6768,33.7279],[129.69,33.7453],[129.6729,33.7593],[129.6565,33.7385],[129.6427,33.7675],[129.685,33.7596],[129.6494,33.8065],[129.689,33.8049],[129.6711,33.8374],[129.7021,33.8628],[129.7717,33.8428],[129.7631,33.8114],[129.7438,33.8083],[129.7983,33.7884],[129.7572,33.7758],[129.7971,33.7625],[129.7876,33.7415],[129.7316,33.7375],[129.7159,33.7044]]],[[[129.3748,33.169],[129.3476,33.1821],[129.3548,33.207],[129.399,33.1799],[129.406,33.1971],[129.381,33.2067],[129.3815,33.2264],[129.4347,33.2372],[129.4026,33.2653],[129.4459,33.2913],[129.4363,33.3471],[129.4987,33.3558],[129.51,33.3813],[129.5239,33.3549],[129.5236,33.3799],[129.5506,33.3805],[129.5174,33.3995],[129.5529,33.4093],[129.5522,33.3689],[129.5689,33.359],[129.5438,33.331],[129.5135,33.3308],[129.5311,33.3123],[129.4848,33.2846],[129.5007,33.2597],[129.4333,33.1909],[129.3748,33.169]]],[[[129.6322,33.3623],[129.6574,33.3685],[129.6715,33.3995],[129.6776,33.353],[129.79,33.3693],[129.7588,33.2903],[129.8134,33.2421],[129.818,33.1835],[129.8877,33.1563],[129.9425,33.1643],[129.9545,33.1166],[129.9215,33.0904],[130.061,32.986],[130.202,32.9582],[130.1834,32.9142],[130.1094,32.886],[130.0915,32.8604],[130.119,32.8739],[130.1384,32.8536],[130.1277,32.8413],[130.1856,32.8403],[130.2414,32.8749],[130.2916,32.8788],[130.3385,32.8561],[130.3773,32.7782],[130.374,32.7389],[130.3447,32.7085],[130.3492,32.6771],[130.301,32.6515],[130.2589,32.6525],[130.2318,32.6122],[130.1876,32.6112],[130.197,32.6019],[130.1678,32.5908],[130.1665,32.6213],[130.13,32.6392],[130.126,32.6891],[130.1412,32.6781],[130.1707,32.6928],[130.2068,32.7532],[130.184,32.7627],[130.1793,32.7939],[130.0835,32.7945],[130.0224,32.7585],[129.9486,32.7604],[129.9551,32.7415],[129.9129,32.7123],[129.8925,32.6603],[129.836,32.6393],[129.781,32.5719],[129.7388,32.5692],[129.8162,32.6552],[129.8188,32.6845],[129.7926,32.6941],[129.8279,32.707],[129.8194,32.6955],[129.836,32.6885],[129.8699,32.7505],[129.8451,32.7206],[129.8186,32.7199],[129.8286,32.7436],[129.8048,32.7438],[129.801,32.7763],[129.7656,32.7997],[129.774,32.8183],[129.7459,32.8224],[129.7369,32.8054],[129.7019,32.8309],[129.6511,32.9311],[129.6338,32.9254],[129.6267,32.9789],[129.661,33.0004],[129.6462,33.0357],[129.6785,33.0623],[129.6589,33.0698],[129.6758,33.0982],[129.7281,33.0753],[129.7261,33.0466],[129.7609,33.0493],[129.7322,33.0169],[129.7375,32.9889],[129.7655,32.9989],[129.7511,33.0032],[129.7629,33.0211],[129.8203,32.9841],[129.8081,32.9167],[129.7977,32.9539],[129.7849,32.948],[129.783,32.9086],[129.8095,32.8951],[129.7877,32.8668],[129.8466,32.8309],[129.8798,32.8821],[129.9497,32.863],[129.9779,32.8361],[130.0077,32.8463],[129.9301,32.9233],[129.9272,32.9687],[129.9493,32.9854],[129.921,33.0338],[129.8718,33.0648],[129.8197,33.0378],[129.8362,33.0597],[129.7985,33.0661],[129.794,33.0834],[129.7646,33.0779],[129.7684,33.1011],[129.757,33.0819],[129.7804,33.0613],[129.7639,33.0504],[129.7288,33.0991],[129.7524,33.1002],[129.7427,33.1215],[129.7597,33.1136],[129.7651,33.143],[129.7847,33.1427],[129.7541,33.1473],[129.731,33.1243],[129.7264,33.1617],[129.7007,33.1631],[129.7095,33.1154],[129.67,33.1183],[129.6648,33.1015],[129.6577,33.1323],[129.6974,33.1423],[129.6725,33.1673],[129.6358,33.1671],[129.6569,33.1858],[129.6363,33.2251],[129.6258,33.1885],[129.6207,33.2165],[129.6005,33.2055],[129.6138,33.2241],[129.5951,33.2089],[129.5544,33.2158],[129.5692,33.2707],[129.5902,33.2764],[129.5822,33.2895],[129.6215,33.3102],[129.5842,33.3058],[129.5613,33.3244],[129.5749,33.3321],[129.5679,33.3771],[129.6322,33.3623]]],[[[129.0585,32.8169],[129.0419,32.8247],[129.0395,32.8743],[129.0585,32.8882],[129.0376,32.9077],[129.0667,32.9045],[129.0257,32.9189],[129.0338,32.948],[129.0217,32.932],[128.9922,32.9457],[129.0112,32.9764],[129.029,32.9605],[129.0464,32.9762],[129.0474,32.9567],[129.0653,32.9809],[129.0446,32.9851],[129.0427,33.0289],[129.0652,33.0435],[129.0684,33.0202],[129.0875,33.0255],[129.0742,33.0559],[129.1059,33.0869],[129.0935,33.1209],[129.1139,33.1639],[129.113,33.0627],[129.082,32.9863],[129.164,33.0085],[129.1824,33.0021],[129.1816,32.9741],[129.1385,32.9371],[129.1008,32.9613],[129.1067,32.9251],[129.0838,32.9264],[129.0943,32.9031],[129.0811,32.8965],[129.0981,32.8599],[129.0663,32.8633],[129.0585,32.8169]]],[[[128.772,32.5745],[128.7377,32.6057],[128.6665,32.6082],[128.6516,32.5909],[128.5977,32.6141],[128.6102,32.6465],[128.6141,32.6178],[128.6254,32.6273],[128.6445,32.6032],[128.666,32.6288],[128.6413,32.6188],[128.6353,32.6336],[128.653,32.6417],[128.6428,32.6539],[128.667,32.6461],[128.6494,32.6569],[128.6707,32.6514],[128.6754,32.6719],[128.6468,32.6971],[128.6617,32.7006],[128.6403,32.7608],[128.6631,32.7841],[128.6961,32.7665],[128.6909,32.739],[128.7351,32.7569],[128.7239,32.7471],[128.7377,32.7385],[128.7563,32.7686],[128.7722,32.7343],[128.7962,32.7562],[128.7644,32.7601],[128.8073,32.7978],[128.8049,32.7737],[128.825,32.7607],[128.8035,32.7525],[128.8327,32.7607],[128.8253,32.7403],[128.8544,32.7448],[128.8384,32.7134],[128.8917,32.6414],[128.8206,32.6361],[128.8082,32.6549],[128.7676,32.643],[128.7609,32.6199],[128.7921,32.5931],[128.772,32.5745]]]]}},{"type":"Feature","properties":{"code":"05","name":"秋田県"},"geometry":{"type":"MultiPolygon","coordinates":[[[[140.8797,40.5115],[140.8613,40.4405],[140.8925,40.4237],[140.9854,40.4275],[140.995,40.3537],[140.9624,40.3477],[140.9421,40.2282],[140.9053,40.2222],[140.8605,40.1738],[140.8832,40.1589],[140.8674,40.1313],[140.8813,40.1143],[140.8447,40.0737],[140.8465,39.9745],[140.8781,39.8747],[140.8527,39.8665],[140.8261,39.8867],[140.783,39.8657],[140.787,39.8238],[140.8478,39.7961],[140.7749,39.7349],[140.8229,39.6882],[140.8219,39.6498],[140.7957,39.6033],[140.7307,39.5661],[140.7409,39.5348],[140.714,39.4984],[140.7243,39.4807],[140.6831,39.4575],[140.6834,39.4222],[140.6586,39.4157],[140.6541,39.3909],[140.7042,39.343],[140.6933,39.3025],[140.7179,39.2965],[140.7182,39.2729],[140.7888,39.238],[140.7657,39.1977],[140.8085,39.1803],[140.7496,39.1397],[140.7702,39.1244],[140.7529,39.0865],[140.8024,39.0778],[140.8103,39.0574],[140.7645,39.0001],[140.7739,38.9585],[140.7359,38.9508],[140.6543,38.8893],[140.5617,38.8741],[140.5368,38.9009],[140.5024,38.8952],[140.4623,38.9199],[140.4322,38.9923],[140.3765,38.9948],[140.3625,39.026],[140.3294,39.0352],[140.3114,39.0144],[140.2019,39.0353],[140.1963,39.0615],[140.1509,39.0495],[140.0627,39.0933],[140.0626,39.1339],[139.9947,39.1059],[139.8698,39.1186],[139.9015,39.1699],[139.8942,39.2148],[139.9168,39.2763],[139.9805,39.3135],[140.0256,39.4199],[140.0609,39.6085],[140.0496,39.7738],[140.0383,39.7652],[140.0342,39.8049],[139.9968,39.857],[139.9209,39.9011],[139.8589,39.8962],[139.8502,39.8635],[139.7553,39.8571],[139.7063,39.9285],[139.7214,39.9526],[139.6931,39.996],[139.7007,40.0074],[139.7236,39.9822],[139.8133,39.9592],[139.8883,40.0029],[139.953,40.0865],[139.9934,40.1813],[139.9865,40.2017],[140.0146,40.2185],[140.0001,40.2203],[140.0259,40.3395],[140.0109,40.3752],[139.9364,40.4287],[139.9959,40.4352],[140.0197,40.4205],[140.0205,40.4483],[140.0685,40.4693],[140.1079,40.4364],[140.3354,40.4399],[140.3482,40.468],[140.3884,40.4876],[140.4373,40.4793],[140.4406,40.4505],[140.5282,40.4317],[140.5415,40.4032],[140.5678,40.3995],[140.555,40.4221],[140.5899,40.4367],[140.6471,40.4039],[140.6998,40.4297],[140.7341,40.4166],[140.7362,40.4404],[140.8042,40.4498],[140.8223,40.4969],[140.8797,40.5115]]]]}},{"type":"Feature","properties":{"code":"33","name":"岡山県"},"geometry":{"type":"MultiPolygon","coordinates":[[[[134.0142,35.3504],[134.0101,35.3076],[134.0972,35.3059],[134.1387,35.279],[134.1499,35.2585],[134.1367,35.239],[134.1625,35.2293],[134.1534,35.1949],[134.1718,35.1699],[134.2605,35.2104],[134.3208,35.2018],[134.3997,35.2474],[134.38,35.2081],[134.4114,35.1861],[134.4082,35.1479],[134.3663,35.1454],[134.3486,35.0903],[134.3185,35.0829],[134.3161,35.0433],[134.2671,35.0215],[134.2861,34.9959],[134.2536,34.9461],[134.2944,34.9075],[134.2629,34.8849],[134.2531,34.8513],[134.2632,34.8267],[134.3165,34.8016],[134.3338,34.7682],[134.3213,34.7218],[134.275,34.7345],[134.2431,34.7153],[134.1853,34.7423],[134.2039,34.7271],[134.1941,34.7169],[134.2138,34.7162],[134.1986,34.7088],[134.2446,34.7015],[134.1695,34.6517],[134.1868,34.6317],[134.1696,34.6135],[134.1472,34.6169],[134.12,34.5891],[134.0592,34.5851],[134.0633,34.6078],[133.9954,34.6135],[133.9455,34.5989],[133.9594,34.5837],[134.0329,34.5973],[134.0464,34.5767],[134.0013,34.5454],[134.003,34.5123],[133.9763,34.5339],[133.9594,34.5243],[133.9634,34.4953],[133.938,34.4813],[133.9333,34.4513],[133.8342,34.4744],[133.8076,34.4591],[133.8218,34.4297],[133.7873,34.4356],[133.7383,34.525],[133.7184,34.4963],[133.7428,34.4705],[133.7034,34.4779],[133.7032,34.5401],[133.6908,34.5403],[133.6834,34.5069],[133.659,34.5205],[133.5937,34.491],[133.5939,34.4695],[133.5404,34.4615],[133.4854,34.5139],[133.5269,34.4547],[133.4738,34.4414],[133.4897,34.4589],[133.4558,34.4598],[133.4463,34.4802],[133.4453,34.5551],[133.3829,34.6215],[133.4028,34.6719],[133.3576,34.7333],[133.3778,34.8051],[133.2972,34.8895],[133.3089,34.9371],[133.2967,34.9554],[133.3212,35.0061],[133.2667,35.0519],[133.2904,35.0717],[133.288,35.096],[133.4029,35.1143],[133.3926,35.1685],[133.4078,35.1856],[133.4464,35.1722],[133.501,35.1927],[133.5256,35.1829],[133.5053,35.2286],[133.5592,35.2464],[133.5957,35.3451],[133.7451,35.3193],[133.7973,35.2941],[133.8308,35.2489],[133.8651,35.2731],[133.8627,35.293],[133.9249,35.3075],[133.9316,35.3338],[134.0142,35.3504]]]]}},{"type":"Feature","properties":{"code":"40","name":"福岡県"},"geometry":{"type":"MultiPolygon","coordinates":[[[[130.6724,33.9187],[130.6981,33.9387],[130.7473,33.9233],[130.769,33.9472],[130.7507,33.9228],[130.8062,33.9305],[130.8144,33.9033],[130.7404,33.8749],[130.8017,33.8913],[130.7988,33.8739],[130.8233,33.9199],[130.8562,33.9289],[130.8497,33.9149],[130.8685,33.9181],[130.8474,33.9054],[130.8718,33.9153],[130.8832,33.9053],[130.863,33.8955],[130.8868,33.9021],[130.8769,33.8901],[130.891,33.8877],[130.9297,33.9069],[130.9621,33.962],[131.0191,33.9629],[131.0011,33.925],[131.0147,33.9199],[130.9871,33.9002],[131.0039,33.8915],[130.9813,33.8671],[130.9978,33.8669],[130.9926,33.8509],[130.9567,33.8301],[130.9658,33.8094],[130.9995,33.8155],[130.9817,33.7844],[130.9968,33.7963],[130.9913,33.7734],[131.0106,33.7775],[131.0032,33.7498],[131.093,33.6235],[131.1845,33.6162],[131.1719,33.5865],[131.1872,33.5462],[131.1657,33.5284],[131.1765,33.508],[131.0294,33.5184],[130.9737,33.5055],[130.8945,33.4462],[130.8855,33.3798],[130.8345,33.3435],[130.8563,33.327],[130.8654,33.2929],[130.8517,33.2782],[130.867,33.2675],[130.8292,33.2576],[130.8253,33.2374],[130.8577,33.2298],[130.8357,33.2114],[130.8865,33.1867],[130.8525,33.1093],[130.7708,33.1245],[130.7305,33.1546],[130.6905,33.1519],[130.6792,33.1712],[130.6588,33.1101],[130.5797,33.1157],[130.565,33.0872],[130.4968,33.0522],[130.5053,33.0032],[130.3957,33.0005],[130.4214,33.012],[130.4068,33.0159],[130.4242,33.0527],[130.3737,33.1394],[130.3549,33.1404],[130.3386,33.2033],[130.3766,33.2204],[130.3713,33.243],[130.3907,33.2599],[130.4146,33.2532],[130.431,33.2925],[130.4489,33.265],[130.4668,33.2886],[130.4554,33.3017],[130.4863,33.3123],[130.479,33.3307],[130.5352,33.3428],[130.5362,33.4382],[130.4962,33.4448],[130.4102,33.395],[130.3953,33.4273],[130.2766,33.4783],[130.0449,33.4677],[130.0444,33.4962],[130.1218,33.5088],[130.1521,33.5369],[130.1635,33.5607],[130.1157,33.5469],[130.133,33.5679],[130.0978,33.5643],[130.0885,33.5836],[130.1459,33.5953],[130.1561,33.6283],[130.1989,33.6409],[130.2086,33.6671],[130.2351,33.6496],[130.231,33.6165],[130.2725,33.6115],[130.2727,33.5824],[130.3987,33.6005],[130.4211,33.6467],[130.404,33.6521],[130.4341,33.6626],[130.4286,33.6873],[130.3687,33.6653],[130.3559,33.6434],[130.2953,33.6631],[130.2892,33.6864],[130.3216,33.6603],[130.3954,33.685],[130.4663,33.7532],[130.4434,33.8146],[130.4723,33.8183],[130.4765,33.8578],[130.5164,33.8601],[130.5236,33.8895],[130.6348,33.8854],[130.6724,33.9187]]]]}},{"type":"Feature","properties":{"code":"21","name":"岐阜県"},"geometry":{"type":"Polygon","coordinates":[[[137.0582,36.3721],[137.0946,36.3841],[137.1607,36.4567],[137.1915,36.4553],[137.2065,36.4279],[137.2468,36.4618],[137.3085,36.4639],[137.3135,36.4251],[137.3902,36.4597],[137.4058,36.4263],[137.461,36.4125],[137.5116,36.4233],[137.6455,36.3414],[137.6467,36.2889],[137.5738,36.2201],[137.5947,36.1719],[137.5546,36.1403],[137.551,36.1098],[137.6137,36.0762],[137.5946,36.0134],[137.5431,35.9825],[137.4761,35.894],[137.4321,35.9051],[137.3802,35.8919],[137.3255,35.8157],[137.4589,35.7613],[137.4982,35.6873],[137.545,35.6499],[137.5145,35.6071],[137.5375,35.5844],[137.571,35.5835],[137.5745,35.5444],[137.6317,35.5091],[137.6314,35.4699],[137.5933,35.4467],[137.6335,35.3991],[137.575,35.4],[137.5983,35.3781],[137.6036,35.3345],[137.5569,35.3101],[137.5615,35.2839],[137.5196,35.2831],[137.4297,35.2228],[137.3078,35.2911],[137.1858,35.2532],[137.1652,35.2825],[137.0817,35.2921],[137.0681,35.3351],[137.0472,35.3365],[137.0474,35.365],[136.978,35.4041],[136.9911,35.4247],[136.9211,35.3791],[136.8338,35.3559],[136.7703,35.3687],[136.6777,35.241],[136.6694,35.1336],[136.6461,35.1658],[136.6452,35.1446],[136.6161,35.1495],[136.5337,35.2569],[136.4119,35.2184],[136.3781,35.2427],[136.3965,35.2574],[136.4134,35.3713],[136.4441,35.3895],[136.4115,35.4186],[136.4197,35.4665],[136.3872,35.4879],[136.4053,35.5135],[136.3718,35.5597],[136.3457,35.536],[136.3178,35.5469],[136.3233,35.6163],[136.2887,35.6203],[136.2759,35.6533],[136.3236,35.7169],[136.3219,35.7659],[136.3775,35.7952],[136.4854,35.776],[136.5057,35.7504],[136.5233,35.7883],[136.5709,35.7776],[136.6449,35.8069],[136.66,35.7835],[136.7233,35.8082],[136.7891,35.7995],[136.8026,35.8439],[136.832,35.8581],[136.8221,35.8962],[136.7844,35.9244],[136.7915,35.9467],[136.7495,35.9613],[136.7507,35.9904],[136.7264,35.9959],[136.733,36.0493],[136.7638,36.0677],[136.754,36.0864],[136.7796,36.1423],[136.7657,36.1611],[136.7984,36.1728],[136.8515,36.2484],[136.7921,36.2991],[136.8315,36.3065],[136.8371,36.3475],[136.8651,36.3498],[136.8713,36.3675],[136.8749,36.3429],[136.9072,36.361],[136.9467,36.3461],[136.9713,36.3149],[136.9578,36.2791],[136.9751,36.2745],[137.0519,36.3302],[137.0582,36.3721]]]}},{"type":"Feature","properties":{"code":"02","name":"青森県"},"geometry":{"type":"MultiPolygon","coordinates":[[[[140.7786,41.2108],[140.8363,41.4158],[140.909,41.4951],[140.8986,41.5235],[140.9128,41.547],[141.0032,41.4862],[141.1131,41.4636],[141.1931,41.3877],[141.2659,41.3565],[141.3718,41.3703],[141.4643,41.4301],[141.3904,41.1699],[141.3866,40.9307],[141.4158,40.7532],[141.4877,40.5573],[141.5349,40.5277],[141.5755,40.5433],[141.6831,40.4509],[141.587,40.4075],[141.5819,40.3745],[141.5374,40.3478],[141.4434,40.3763],[141.3976,40.3677],[141.3514,40.3315],[141.3174,40.3733],[141.2146,40.3148],[141.1393,40.3011],[141.1009,40.2815],[141.1046,40.2567],[141.0061,40.2185],[140.9805,40.2201],[140.9468,40.2578],[140.9624,40.3477],[140.995,40.3537],[140.9854,40.4275],[140.8925,40.4237],[140.8613,40.4405],[140.8797,40.5115],[140.8223,40.4969],[140.8042,40.4498],[140.7362,40.4404],[140.7341,40.4166],[140.6998,40.4297],[140.6471,40.4039],[140.5899,40.4367],[140.555,40.4221],[140.5678,40.3995],[140.5415,40.4032],[140.5282,40.4317],[140.4406,40.4505],[140.4373,40.4793],[140.3884,40.4876],[140.3482,40.468],[140.3354,40.4399],[140.1079,40.4364],[140.0685,40.4693],[140.0205,40.4483],[140.0197,40.4205],[139.9959,40.4352],[139.9364,40.4287],[139.9417,40.5495],[139.9176,40.5865],[139.8718,40.5833],[139.8606,40.614],[139.9034,40.6465],[139.9285,40.643],[139.9996,40.7452],[140.0522,40.7693],[140.1218,40.7426],[140.251,40.802],[140.3022,40.9174],[140.3235,41.0458],[140.3194,41.0935],[140.249,41.1344],[140.3006,41.131],[140.32,41.1468],[140.3395,41.2605],[140.465,41.1827],[140.5496,41.2297],[140.631,41.1925],[140.6608,40.9489],[140.6867,40.8691],[140.7329,40.8317],[140.7953,40.8365],[140.859,40.8877],[140.8716,40.9457],[140.8383,40.9539],[140.8614,40.9575],[140.8802,41.0097],[140.948,40.9933],[140.9837,40.9609],[140.9746,40.934],[141.0643,40.9141],[141.1053,40.8729],[141.1452,40.8781],[141.199,40.931],[141.2327,41.0032],[141.2486,41.1107],[141.2785,41.1551],[141.2468,41.2262],[141.1887,41.2798],[141.1582,41.2772],[141.1343,41.2407],[141.1584,41.2627],[141.1553,41.2453],[141.0563,41.1834],[140.9817,41.1998],[140.9463,41.1746],[140.8523,41.1603],[140.8123,41.1285],[140.7652,41.1454],[140.7786,41.2108]]]]}},{"type":"Feature","properties":{"code":"27","name":"大阪府"},"geometry":{"type":"MultiPolygon","coordinates":[[[[135.3708,35.0453],[135.3821,35.0101],[135.4914,34.9893],[135.481,34.9495],[135.5418,34.9153],[135.5807,34.9236],[135.5568,34.9381],[135.5733,34.9717],[135.6129,34.9713],[135.5999,34.928],[135.6428,34.9298],[135.7447,34.8043],[135.7284,34.7779],[135.711,34.7813],[135.7038,34.7239],[135.6727,34.7017],[135.6503,34.6087],[135.6815,34.5849],[135.6505,34.5449],[135.6766,34.5246],[135.6864,34.4509],[135.6647,34.424],[135.6799,34.4083],[135.6549,34.3848],[135.5795,34.3764],[135.5077,34.3365],[135.485,34.3627],[135.3971,34.3305],[135.3382,34.3351],[135.2931,34.2993],[135.2822,34.3178],[135.2076,34.3081],[135.1844,34.2794],[135.1112,34.272],[135.0933,34.3146],[135.2182,34.3449],[135.376,34.4733],[135.3783,34.532],[135.3901,34.5055],[135.4318,34.5322],[135.4457,34.5569],[135.4105,34.5608],[135.402,34.5999],[135.4209,34.5696],[135.4261,34.5897],[135.4525,34.5649],[135.4503,34.5837],[135.4664,34.5846],[135.4255,34.5934],[135.4454,34.5982],[135.4234,34.619],[135.4472,34.6147],[135.4508,34.6453],[135.4143,34.6516],[135.4239,34.6932],[135.4028,34.6932],[135.4599,34.7332],[135.4157,34.8195],[135.4446,34.8985],[135.4182,34.9088],[135.4668,34.9287],[135.3456,34.9653],[135.3542,35.0241],[135.3304,35.0345],[135.3708,35.0453]]]]}},{"type":"Feature","properties":{"code":"20","name":"長野県"},"geometry":{"type":"Polygon","coordinates":[[[138.5246,37.0305],[138.5658,37.0214],[138.5864,36.9874],[138.5895,36.9141],[138.6909,36.8572],[138.6802,36.8222],[138.6956,36.8075],[138.6692,36.7763],[138.6957,36.7386],[138.6098,36.7065],[138.5434,36.7039],[138.514,36.6903],[138.5344,36.6664],[138.5252,36.6515],[138.458,36.6333],[138.4039,36.5209],[138.4009,36.4347],[138.4571,36.4199],[138.4603,36.4046],[138.5334,36.4023],[138.5922,36.4245],[138.6481,36.4083],[138.6535,36.3031],[138.6004,36.2785],[138.637,36.1745],[138.5773,36.1681],[138.598,36.1381],[138.6452,36.1198],[138.6314,36.0283],[138.7127,35.9853],[138.7387,35.9384],[138.7288,35.9093],[138.6933,35.8995],[138.6761,35.8699],[138.6218,35.8703],[138.6066,35.8806],[138.6117,35.9094],[138.5906,35.9196],[138.5093,35.922],[138.4901,35.8964],[138.4544,35.9003],[138.4485,35.9461],[138.3703,35.9715],[138.2835,35.8595],[138.2379,35.8822],[138.1855,35.7949],[138.2356,35.7575],[138.1803,35.7128],[138.2186,35.6445],[138.1899,35.5787],[138.1628,35.5815],[138.1423,35.5555],[138.1594,35.5451],[138.1381,35.5219],[138.14,35.4997],[138.1645,35.4939],[138.1602,35.47],[138.1193,35.4479],[138.1521,35.3981],[138.1419,35.3707],[138.0873,35.3379],[138.0566,35.3441],[138.0187,35.3009],[137.9305,35.2757],[137.9191,35.2552],[137.8952,35.2579],[137.8718,35.2188],[137.777,35.2034],[137.6822,35.2347],[137.5785,35.1984],[137.5459,35.2532],[137.5702,35.2821],[137.5569,35.3101],[137.604,35.3365],[137.5983,35.3781],[137.575,35.4],[137.6348,35.4017],[137.5933,35.4467],[137.6314,35.4699],[137.6317,35.5091],[137.5745,35.5444],[137.571,35.5835],[137.5375,35.5844],[137.5145,35.6071],[137.545,35.6499],[137.4982,35.6873],[137.4589,35.7613],[137.3255,35.8157],[137.3802,35.8919],[137.4321,35.9051],[137.4761,35.894],[137.5431,35.9825],[137.5946,36.0134],[137.6137,36.0762],[137.551,36.1098],[137.5546,36.1403],[137.5947,36.1719],[137.5738,36.2201],[137.6528,36.3045],[137.6455,36.3414],[137.5883,36.3715],[137.5873,36.3899],[137.6334,36.4257],[137.6696,36.5103],[137.7053,36.5185],[137.6887,36.5628],[137.7509,36.5896],[137.7518,36.7527],[137.8311,36.8089],[137.8764,36.8672],[137.8688,36.9161],[138.0137,36.9039],[138.0313,36.8782],[138.0033,36.8267],[138.0528,36.8001],[138.1152,36.8505],[138.1659,36.8448],[138.2136,36.8703],[138.2889,36.8474],[138.2984,36.9131],[138.3431,36.9209],[138.3947,36.9973],[138.5246,37.0305]]]}},{"type":"Feature","properties":{"code":"44","name":"大分県"},"geometry":{"type":"MultiPolygon","coordinates":[[[[131.5439,33.6767],[131.5747,33.6751],[131.5846,33.6925],[131.6243,33.6699],[131.6352,33.6821],[131.6913,33.6408],[131.7399,33.5611],[131.738,33.4649],[131.7024,33.4071],[131.6276,33.4199],[131.6487,33.3845],[131.5962,33.3709],[131.5921,33.3473],[131.5508,33.3497],[131.5377,33.3678],[131.4988,33.3605],[131.5111,33.2688],[131.5884,33.2455],[131.631,33.2719],[131.6715,33.2601],[131.6661,33.2746],[131.6907,33.2792],[131.7579,33.2401],[131.7539,33.2523],[131.8718,33.2489],[131.9015,33.268],[131.7978,33.127],[131.8444,33.1149],[131.8996,33.1343],[131.9147,33.1249],[131.8524,33.0888],[131.8626,33.0753],[131.9098,33.0821],[131.9116,33.0664],[131.9406,33.0965],[131.9418,33.0703],[131.9728,33.0619],[132.0012,33.0963],[132.015,33.0582],[131.9289,33.0523],[131.889,32.9917],[131.9584,32.9457],[131.9593,32.9599],[131.9739,32.9636],[131.9811,32.9393],[132.0026,32.9587],[132.0029,32.9322],[132.0331,32.9394],[132.0323,32.9537],[132.0846,32.9327],[132.0272,32.9358],[132.0079,32.9058],[131.9769,32.9227],[131.9863,32.8883],[132.0148,32.8903],[131.9421,32.8356],[131.9629,32.8187],[131.9631,32.8385],[131.9802,32.8247],[131.9841,32.8458],[132.0077,32.8285],[131.9711,32.7917],[131.9544,32.8074],[131.9361,32.7851],[131.9195,32.8003],[131.9021,32.7852],[131.8895,32.8047],[131.8954,32.7651],[131.8739,32.7906],[131.8851,32.7457],[131.8718,32.7403],[131.8436,32.7467],[131.8579,32.8213],[131.7674,32.8385],[131.7368,32.8329],[131.7078,32.7716],[131.5916,32.7751],[131.5664,32.7543],[131.513,32.7692],[131.5168,32.8003],[131.4744,32.8371],[131.359,32.8039],[131.2632,32.8791],[131.2452,32.9586],[131.2628,32.9762],[131.2271,33.0109],[131.2145,33.055],[131.1736,33.0834],[131.1597,33.1409],[131.0989,33.1878],[130.9916,33.1833],[130.9776,33.1405],[131.0231,33.0874],[130.988,33.0236],[130.8393,33.1011],[130.8865,33.1867],[130.8357,33.2114],[130.8577,33.2298],[130.8253,33.2374],[130.8292,33.2576],[130.867,33.2675],[130.8517,33.2782],[130.8654,33.2929],[130.8563,33.327],[130.8345,33.3435],[130.8855,33.3798],[130.8945,33.4462],[130.9254,33.4575],[130.9254,33.4779],[131.0294,33.5184],[131.1765,33.508],[131.1657,33.5284],[131.1872,33.5462],[131.1719,33.5865],[131.1845,33.6162],[131.2445,33.6111],[131.2883,33.5784],[131.4301,33.5738],[131.4232,33.5917],[131.4685,33.6121],[131.4981,33.6699],[131.5439,33.6767]]]]}},{"type":"Feature","properties":{"code":"24","name":"三重県"},"geometry":{"type":"MultiPolygon","coordinates":[[[[136.5275,35.2575],[136.6161,35.1495],[136.6452,35.1446],[136.6461,35.1658],[136.7468,35.0824],[136.7725,35.0243],[136.7491,35.037],[136.6514,34.9931],[136.6332,34.9499],[136.6666,34.9369],[136.6471,34.9349],[136.6249,34.8688],[136.5337,34.7532],[136.5239,34.6793],[136.5571,34.6714],[136.5279,34.6109],[136.6427,34.5909],[136.6649,34.5591],[136.8097,34.5081],[136.8157,34.4851],[136.8309,34.5061],[136.8488,34.4717],[136.8773,34.4739],[136.8756,34.4286],[136.8965,34.4535],[136.9233,34.445],[136.9125,34.3759],[136.8879,34.3921],[136.8572,34.3635],[136.8133,34.3676],[136.8253,34.3528],[136.8643,34.3636],[136.8654,34.3429],[136.9082,34.3653],[136.8779,34.3365],[136.8998,34.2761],[136.8695,34.273],[136.8474,34.2465],[136.766,34.2604],[136.752,34.2725],[136.8351,34.2591],[136.8625,34.2701],[136.8334,34.2706],[136.8338,34.2914],[136.8666,34.2865],[136.8273,34.301],[136.8478,34.3133],[136.8048,34.3089],[136.8052,34.3277],[136.7923,34.3091],[136.8107,34.2972],[136.792,34.2881],[136.7616,34.3155],[136.7637,34.2922],[136.7237,34.3041],[136.6867,34.2846],[136.6992,34.3254],[136.727,34.3422],[136.693,34.3482],[136.6823,34.3238],[136.6908,34.345],[136.6598,34.3453],[136.6724,34.3246],[136.6377,34.3083],[136.6769,34.3165],[136.6048,34.2583],[136.5718,34.275],[136.595,34.2813],[136.5907,34.2946],[136.5481,34.2817],[136.5483,34.25],[136.5404,34.2774],[136.5267,34.2593],[136.5305,34.2731],[136.5041,34.2777],[136.5175,34.2385],[136.501,34.2585],[136.5042,34.2437],[136.4844,34.2395],[136.5083,34.2296],[136.4816,34.2197],[136.4634,34.2318],[136.4662,34.2567],[136.4408,34.2478],[136.4511,34.2197],[136.3988,34.2028],[136.3998,34.219],[136.3838,34.2165],[136.3621,34.1887],[136.3533,34.2116],[136.3219,34.1959],[136.3368,34.197],[136.332,34.1803],[136.2783,34.1616],[136.2854,34.117],[136.3153,34.1145],[136.2975,34.0865],[136.2492,34.0947],[136.2684,34.1288],[136.2272,34.1],[136.2362,34.0865],[136.2019,34.0769],[136.2517,34.0616],[136.244,34.0387],[136.2821,34.0196],[136.2428,34.0146],[136.2717,34.005],[136.2574,33.9979],[136.2715,33.9731],[136.2384,33.9694],[136.2525,33.9842],[136.2108,33.9996],[136.2151,33.9839],[136.192,33.9717],[136.2217,33.9738],[136.2309,33.9466],[136.1803,33.9378],[136.1983,33.9199],[136.1797,33.9134],[136.1473,33.9283],[136.148,33.8972],[136.1302,33.8849],[136.1178,33.8988],[136.0657,33.8405],[136.0113,33.7235],[135.9835,33.736],[135.9659,33.7238],[135.8563,33.818],[135.8531,33.861],[135.8611,33.8761],[135.8718,33.8588],[135.8955,33.8688],[135.8786,33.9085],[135.8933,33.9199],[135.9323,33.9167],[135.9177,33.9222],[135.9278,33.9409],[135.9686,33.929],[135.9766,33.9664],[136.011,33.9662],[135.9951,34.0002],[136.0186,34.0359],[136.1033,34.0255],[136.0927,34.0826],[136.1182,34.0822],[136.099,34.1187],[136.1141,34.1593],[136.0931,34.1956],[136.1311,34.2517],[136.0947,34.301],[136.1292,34.3159],[136.0687,34.3935],[136.0958,34.4352],[136.2059,34.4485],[136.229,34.4941],[136.2163,34.5281],[136.1671,34.52],[136.1556,34.5587],[136.1142,34.5459],[136.0495,34.5801],[136.0725,34.6366],[136.0403,34.6633],[136.0635,34.6521],[136.0855,34.6763],[136.0533,34.7051],[136.0678,34.7227],[136.0203,34.7892],[136.0903,34.8139],[136.0857,34.8375],[136.1266,34.8618],[136.0852,34.8777],[136.1106,34.9019],[136.2503,34.8578],[136.3656,34.9049],[136.373,34.9418],[136.4143,34.9796],[136.4182,35.0484],[136.4412,35.0651],[136.436,35.1301],[136.4543,35.1616],[136.4083,35.1872],[136.4149,35.2177],[136.5078,35.2362],[136.5275,35.2575]]]]}},{"type":"Feature","properties":{"code":"34","name":"広島県"},"geometry":{"type":"MultiPolygon","coordinates":[[[[132.859,35.0926],[132.8921,35.105],[132.9499,35.0755],[132.9902,35.1014],[133.033,35.0683],[133.1123,35.0857],[133.1424,35.0652],[133.2506,35.0781],[133.3212,35.0061],[133.2944,34.9028],[133.3323,34.8396],[133.3778,34.8051],[133.3576,34.7333],[133.4028,34.6719],[133.3829,34.6215],[133.4527,34.5351],[133.4445,34.4466],[133.4078,34.4785],[133.4068,34.4586],[133.4392,34.4365],[133.4307,34.4241],[133.4042,34.4355],[133.3844,34.4193],[133.3829,34.3812],[133.3464,34.3655],[133.281,34.4011],[133.2439,34.3914],[133.2724,34.4135],[133.2567,34.4417],[133.2335,34.4115],[133.1218,34.3827],[133.0843,34.3955],[133.072,34.3429],[132.9127,34.3365],[132.8469,34.2923],[132.8341,34.3158],[132.7966,34.311],[132.7881,34.2782],[132.7536,34.2821],[132.7529,34.2605],[132.7721,34.2532],[132.7598,34.2409],[132.7021,34.2372],[132.684,34.2108],[132.6603,34.2183],[132.6412,34.202],[132.5958,34.2307],[132.5678,34.1985],[132.5377,34.1937],[132.5312,34.2213],[132.5566,34.242],[132.5141,34.2569],[132.4945,34.3135],[132.5036,34.3365],[132.4911,34.3365],[132.5286,34.3559],[132.5169,34.3651],[132.4696,34.3519],[132.458,34.3637],[132.4493,34.348],[132.3985,34.3651],[132.3399,34.3533],[132.3469,34.3414],[132.326,34.3443],[132.2322,34.2573],[132.2199,34.2333],[132.2449,34.2107],[132.1958,34.2043],[132.204,34.2287],[132.1447,34.2364],[132.1267,34.3326],[132.0692,34.3563],[132.0802,34.4423],[132.0583,34.4929],[132.0359,34.5022],[132.1251,34.5825],[132.1157,34.6127],[132.1612,34.6833],[132.13,34.708],[132.2215,34.7503],[132.241,34.8059],[132.298,34.7771],[132.3157,34.8014],[132.3718,34.8012],[132.396,34.7794],[132.4346,34.8206],[132.454,34.8012],[132.5374,34.7949],[132.6151,34.8433],[132.6972,34.8429],[132.7099,34.8499],[132.6999,34.8821],[132.6333,34.9049],[132.6845,34.9507],[132.7468,34.9593],[132.7452,34.9771],[132.8362,35.0473],[132.827,35.0612],[132.859,35.0926]]],[[[132.4284,34.1284],[132.4566,34.1758],[132.4383,34.1954],[132.4275,34.1729],[132.3718,34.2588],[132.4218,34.2565],[132.4725,34.2081],[132.4682,34.2465],[132.4319,34.2532],[132.445,34.2662],[132.4341,34.2853],[132.4778,34.2962],[132.4973,34.2689],[132.4712,34.1803],[132.4891,34.142],[132.4284,34.1284]]],[[[132.5504,34.079],[132.5341,34.1027],[132.46,34.0823],[132.4478,34.0935],[132.4549,34.1151],[132.5031,34.1331],[132.4955,34.1699],[132.5259,34.1997],[132.556,34.1796],[132.5207,34.1548],[132.557,34.1506],[132.5394,34.1071],[132.5751,34.1277],[132.5913,34.1149],[132.5698,34.1156],[132.5504,34.079]]]]}},{"type":"Feature","properties":{"code":"01","name":"北海道"},"geometry":{"type":"MultiPolygon","coordinates":[[[[148.3427,45.2912],[148.4212,45.3306],[148.4766,45.3802],[148.4876,45.4199],[148.5775,45.4883],[148.6397,45.5083],[148.6581,45.5396],[148.8396,45.5521],[148.8954,45.5131],[148.8883,45.4843],[148.8311,45.4541],[148.8317,45.4277],[148.8773,45.3929],[148.8435,45.3396],[148.7813,45.3245],[148.6294,45.3328],[148.5064,45.2791],[148.4944,45.2561],[148.3046,45.2165],[148.0907,45.1065],[147.9885,45.0065],[147.9076,44.9613],[147.7852,44.9483],[147.7298,44.9804],[147.7277,45.0032],[147.6635,44.9976],[147.6145,44.9499],[147.6529,44.9199],[147.5863,44.8425],[147.3365,44.7155],[147.255,44.6017],[147.2058,44.5675],[147.0812,44.5597],[146.9527,44.4265],[146.865,44.4461],[146.8723,44.4955],[146.9547,44.5536],[146.9334,44.5865],[146.9495,44.6343],[146.9652,44.5935],[146.9968,44.5787],[147.0317,44.6161],[147.0092,44.6603],[147.0951,44.6389],[147.1817,44.6894],[147.1998,44.7532],[147.1166,44.7793],[147.1109,44.8239],[147.1564,44.8253],[147.2009,44.7979],[147.2371,44.8069],[147.2671,44.8681],[147.3762,44.9089],[147.518,44.9986],[147.5324,45.0901],[147.5001,45.1123],[147.6574,45.0817],[147.699,45.1053],[147.6938,45.1435],[147.7396,45.1955],[147.8718,45.2257],[147.8856,45.2582],[147.8687,45.2639],[147.8512,45.3649],[147.9094,45.4293],[147.9649,45.4219],[148.0091,45.2923],[148.0407,45.2673],[148.1705,45.2595],[148.3427,45.2912]]],[[[141.5791,45.1769],[141.5716,45.2354],[141.6123,45.2775],[141.6122,45.3129],[141.6547,45.3503],[141.6366,45.4013],[141.6457,45.4507],[141.6821,45.4043],[141.796,45.4077],[141.8577,45.4348],[141.8931,45.5119],[141.9432,45.5225],[142.0509,45.4033],[142.1696,45.3411],[142.389,45.1375],[142.5051,45.0611],[142.5445,44.988],[142.5853,44.9617],[142.5888,44.9199],[142.66,44.8417],[142.9968,44.5579],[143.3489,44.3715],[143.3673,44.3365],[143.4169,44.3088],[143.5597,44.2533],[143.9004,44.154],[144.1899,44.1047],[144.2468,44.1131],[144.2558,44.0406],[144.2888,44.0213],[144.2985,43.9843],[144.407,43.9451],[144.6218,43.9179],[144.7953,43.932],[145.0159,44.1004],[145.192,44.1956],[145.3331,44.3459],[145.3668,44.2592],[145.3306,44.1934],[145.2563,44.1256],[145.2397,44.0587],[145.1447,43.9699],[145.0954,43.8926],[145.0914,43.8365],[145.0623,43.8075],[145.0684,43.7532],[145.1465,43.6465],[145.3415,43.5865],[145.3452,43.5587],[145.2909,43.552],[145.2813,43.5627],[145.3279,43.5639],[145.3391,43.5811],[145.3212,43.5767],[145.3319,43.5898],[145.3092,43.6001],[145.2451,43.5931],[145.2666,43.6101],[145.1968,43.6251],[145.2753,43.4097],[145.3856,43.2924],[145.4921,43.2669],[145.5324,43.3145],[145.6507,43.3914],[145.7214,43.3839],[145.7629,43.3995],[145.8174,43.3861],[145.813,43.3703],[145.6791,43.3126],[145.6218,43.3166],[145.5899,43.2783],[145.5703,43.2842],[145.5576,43.2203],[145.5066,43.1843],[145.5218,43.1661],[145.4968,43.1593],[145.4869,43.1873],[145.4061,43.1862],[145.2826,43.1699],[145.203,43.1367],[145.1466,43.1453],[145.1151,43.1233],[145.1182,43.0813],[145.0887,43.0672],[145.0877,43.0468],[145.0318,43.0297],[145.0241,42.9997],[144.9744,42.9822],[144.8767,42.9868],[144.8337,43.0145],[144.8542,43.0497],[144.8001,43.0591],[144.7468,43.0245],[144.7227,42.9801],[144.7747,42.9336],[144.6322,42.9515],[144.4515,42.9445],[144.3654,42.9718],[144.3596,42.9997],[144.2701,43.0032],[144.049,42.9416],[143.9196,42.8748],[143.5977,42.6415],[143.3891,42.4158],[143.3103,42.2615],[143.3361,42.1906],[143.3124,42.0552],[143.2596,42.0032],[143.2502,41.9255],[143.1643,41.9831],[143.1364,42.0266],[142.9649,42.1192],[142.8178,42.1415],[142.4846,42.2713],[142.2778,42.3772],[142.1958,42.4474],[142.0293,42.4846],[141.8718,42.5903],[141.7468,42.6229],[141.6313,42.6286],[141.696,42.6581],[141.3508,42.543],[141.125,42.4199],[141.0016,42.302],[140.931,42.3365],[140.9512,42.3481],[140.9816,42.3244],[140.9808,42.3437],[141.0081,42.3483],[140.9175,42.3698],[140.8718,42.4609],[140.7808,42.5],[140.7744,42.5369],[140.7096,42.5839],[140.5836,42.5676],[140.5349,42.589],[140.4685,42.5865],[140.3718,42.5027],[140.3157,42.4199],[140.2765,42.3112],[140.2869,42.2532],[140.3986,42.2165],[140.5459,42.1154],[140.5885,42.1093],[140.7069,42.1391],[140.7603,42.1171],[140.8208,42.0363],[140.9081,41.9846],[140.9588,41.918],[141.1482,41.8554],[141.1471,41.8322],[141.1864,41.8025],[141.1125,41.7869],[141.0538,41.7272],[140.9678,41.7109],[140.8986,41.7485],[140.7747,41.7753],[140.7019,41.7414],[140.7023,41.7852],[140.7152,41.7673],[140.7271,41.7811],[140.7172,41.8067],[140.6411,41.8175],[140.6021,41.7432],[140.5269,41.701],[140.445,41.6855],[140.4391,41.5547],[140.409,41.5173],[140.2593,41.4817],[140.1995,41.3986],[140.1453,41.4291],[140.0891,41.4184],[140.0285,41.4624],[139.9861,41.5517],[139.9839,41.6065],[140.009,41.6916],[140.0725,41.7735],[140.0718,41.8057],[140.1218,41.8218],[140.1265,41.8559],[140.1112,41.8637],[140.1392,41.8951],[140.1328,41.9759],[140.026,42.1133],[139.9227,42.1335],[139.8812,42.2076],[139.8151,42.2218],[139.7751,42.2601],[139.7818,42.3539],[139.8292,42.3935],[139.8524,42.463],[139.8234,42.6138],[139.897,42.6797],[140.046,42.6947],[140.0743,42.7282],[140.142,42.7532],[140.1863,42.8278],[140.2468,42.7688],[140.3055,42.7787],[140.3057,42.8288],[140.3905,42.9232],[140.5224,42.9917],[140.5263,43.0321],[140.4302,43.143],[140.326,43.2217],[140.36,43.3157],[140.3466,43.3345],[140.4248,43.3297],[140.4604,43.346],[140.4628,43.3724],[140.4968,43.3735],[140.5805,43.3113],[140.6301,43.2983],[140.6411,43.267],[140.777,43.2258],[140.7921,43.1954],[141.0167,43.2396],[141.0112,43.1924],[141.1617,43.1449],[141.2886,43.1981],[141.4239,43.3289],[141.4286,43.4199],[141.3586,43.5195],[141.3862,43.5865],[141.3299,43.7253],[141.3879,43.8072],[141.562,43.8601],[141.6255,43.9199],[141.6321,43.9601],[141.6477,43.9448],[141.6628,44.0376],[141.6486,44.315],[141.7468,44.4328],[141.7925,44.6437],[141.7783,44.7532],[141.7234,44.9199],[141.5791,45.1769]]],[[[141.0317,45.2746],[140.9835,45.3843],[140.994,45.4275],[140.9671,45.4394],[140.9679,45.4646],[141.0094,45.4343],[141.0364,45.4417],[141.0335,45.4619],[141.0677,45.424],[141.0572,45.3183],[141.0317,45.2746]]],[[[141.1497,45.2255],[141.1989,45.2602],[141.2351,45.2347],[141.2736,45.2352],[141.3181,45.1985],[141.3305,45.152],[141.281,45.1079],[141.2291,45.1004],[141.1418,45.1634],[141.1285,45.1863],[141.1497,45.2255]]],[[[145.7473,44.0647],[145.7437,44.1038],[145.8845,44.2463],[145.9924,44.3247],[146.0073,44.3817],[146.129,44.5091],[146.1743,44.5158],[146.25,44.4467],[146.3332,44.4189],[146.4968,44.4255],[146.5776,44.4558],[146.5348,44.3804],[146.4908,44.3545],[146.4345,44.3767],[146.3811,44.3527],[146.3678,44.3193],[146.2995,44.2778],[146.1156,44.2652],[146.0693,44.2347],[146.0458,44.1839],[145.9245,44.1373],[145.8637,44.0532],[145.8785,44.0213],[145.8422,44.0329],[145.8144,44.0173],[145.7811,43.9326],[145.6538,43.9095],[145.5933,43.8707],[145.5448,43.6583],[145.5465,43.7317],[145.4349,43.7189],[145.4069,43.8421],[145.7473,44.0647]]],[[[146.6455,43.7027],[146.6218,43.7337],[146.6261,43.7575],[146.6077,43.7532],[146.6128,43.7354],[146.5864,43.7443],[146.6079,43.7697],[146.5863,43.8083],[146.6995,43.8319],[146.7487,43.8191],[146.7253,43.8473],[146.7738,43.8759],[146.8006,43.86],[146.7882,43.8785],[146.826,43.8689],[146.8258,43.89],[146.9212,43.8386],[146.8992,43.8067],[146.8406,43.8097],[146.8287,43.7961],[146.8514,43.7879],[146.8115,43.7919],[146.7886,43.7809],[146.7884,43.7596],[146.7716,43.7669],[146.7269,43.7347],[146.6974,43.7466],[146.6762,43.7082],[146.6455,43.7027]]],[[[146.1164,43.4587],[146.1067,43.4915],[146.0607,43.5232],[146.1314,43.5489],[146.2082,43.5342],[146.1804,43.5049],[146.1945,43.4894],[146.1164,43.4587]]],[[[139.4503,42.0521],[139.4221,42.0718],[139.407,42.1801],[139.439,42.2175],[139.5591,42.2532],[139.5607,42.2289],[139.5173,42.177],[139.5036,42.0966],[139.4503,42.0521]]]]}},{"type":"Feature","properties":{"code":"28","name":"兵庫県"},"geometry":{"type":"MultiPolygon","coordinates":[[[[134.8671,35.6581],[134.8725,35.6197],[134.8542,35.5881],[134.9143,35.5448],[134.9265,35.5125],[135.0352,35.5397],[135.0447,35.5085],[135.0328,35.4973],[135.0483,35.4074],[134.9895,35.3863],[134.9338,35.4074],[134.9256,35.3112],[135.0565,35.264],[135.0675,35.2372],[135.109,35.2663],[135.1583,35.2599],[135.1556,35.2262],[135.1967,35.2029],[135.1869,35.1718],[135.2067,35.1609],[135.2738,35.1771],[135.2898,35.1699],[135.2822,35.1449],[135.3405,35.1499],[135.3894,35.1288],[135.3992,35.0761],[135.3304,35.0345],[135.3542,35.0241],[135.3456,34.9653],[135.4671,34.9252],[135.4182,34.9088],[135.4446,34.8985],[135.4157,34.8195],[135.4599,34.7332],[135.3922,34.68],[135.3738,34.6786],[135.4013,34.6992],[135.3712,34.6808],[135.3632,34.7063],[135.3225,34.7259],[135.19,34.6855],[135.1833,34.6494],[135.0596,34.6255],[134.9655,34.6465],[134.8477,34.7203],[134.8263,34.7063],[134.8101,34.7423],[134.7973,34.7331],[134.7468,34.7682],[134.6651,34.7679],[134.664,34.7843],[134.65,34.7705],[134.6554,34.7885],[134.645,34.7673],[134.6315,34.7725],[134.6435,34.7834],[134.6221,34.7837],[134.6235,34.7694],[134.6049,34.7794],[134.5709,34.7581],[134.5704,34.7732],[134.5648,34.7605],[134.528,34.7827],[134.4739,34.7552],[134.4658,34.8085],[134.4633,34.7651],[134.4299,34.7641],[134.4105,34.7278],[134.3847,34.7261],[134.3583,34.7512],[134.3213,34.7218],[134.3338,34.7682],[134.3165,34.8016],[134.2632,34.8267],[134.2629,34.8849],[134.2944,34.9075],[134.2543,34.9377],[134.2861,34.9959],[134.2671,35.0215],[134.3161,35.0433],[134.3185,35.0829],[134.3486,35.0903],[134.3663,35.1454],[134.4082,35.1479],[134.4114,35.1861],[134.3824,35.1945],[134.3849,35.2236],[134.4022,35.241],[134.4624,35.2367],[134.5146,35.2773],[134.5133,35.3539],[134.4722,35.378],[134.4795,35.4253],[134.4398,35.4428],[134.4299,35.5032],[134.4123,35.5153],[134.4208,35.5629],[134.3695,35.6146],[134.4312,35.6202],[134.5369,35.6699],[134.6218,35.6393],[134.657,35.6655],[134.662,35.6484],[134.7639,35.6747],[134.769,35.6594],[134.7992,35.6699],[134.8406,35.6427],[134.8671,35.6581]]],[[[134.7871,34.4272],[134.9826,34.6027],[135.0205,34.5907],[134.9791,34.5032],[134.8947,34.4181],[134.8952,34.3443],[134.9519,34.2671],[134.7957,34.1993],[134.7293,34.1889],[134.7304,34.2066],[134.6997,34.2209],[134.7214,34.2549],[134.6577,34.2413],[134.6746,34.2571],[134.6543,34.2943],[134.6863,34.3305],[134.7292,34.3296],[134.7871,34.4272]]]]}},{"type":"Feature","properties":{"code":"12","name":"千葉県"},"geometry":{"type":"MultiPolygon","coordinates":[[[[139.7762,36.0909],[139.7868,36.1041],[139.8012,36.0919],[139.8842,35.9889],[139.9341,35.9684],[139.9392,35.9403],[140.0705,35.8784],[140.1218,35.8736],[140.1548,35.8426],[140.2812,35.8741],[140.3176,35.8644],[140.3665,35.9002],[140.4585,35.9261],[140.5028,35.9058],[140.4872,35.9281],[140.5113,35.9587],[140.5989,35.9032],[140.6318,35.8589],[140.7061,35.8365],[140.7468,35.7818],[140.8204,35.7396],[140.8614,35.7447],[140.8709,35.7183],[140.8655,35.6934],[140.8308,35.7135],[140.6554,35.6882],[140.5255,35.6025],[140.4113,35.4615],[140.3916,35.377],[140.4148,35.3069],[140.3842,35.1872],[140.3514,35.1814],[140.3117,35.1343],[140.2989,35.1509],[140.2336,35.1155],[140.1218,35.1155],[140.0842,35.0631],[139.9815,35.0113],[139.9561,34.9312],[139.8879,34.8995],[139.8371,34.9032],[139.8116,34.9431],[139.7536,34.9669],[139.8482,34.9852],[139.8582,35.0032],[139.8506,35.0248],[139.8107,35.0392],[139.8321,35.0439],[139.8212,35.072],[139.8423,35.0865],[139.8244,35.1008],[139.8391,35.1293],[139.8169,35.1773],[139.8698,35.2349],[139.8419,35.2941],[139.7805,35.315],[139.8391,35.3337],[139.8231,35.3443],[139.8564,35.3514],[139.8454,35.3747],[139.8969,35.3583],[139.8883,35.37],[139.9189,35.3884],[139.8978,35.4091],[139.9052,35.432],[139.9511,35.4559],[139.9744,35.4484],[139.9657,35.4685],[139.9822,35.4747],[139.9904,35.452],[140.0065,35.4791],[140.0228,35.4675],[140.0112,35.484],[140.0614,35.5437],[140.0962,35.5353],[140.0883,35.5519],[140.1156,35.5505],[140.091,35.5645],[140.1271,35.5675],[140.0862,35.5693],[140.0817,35.5883],[140.114,35.5723],[140.1182,35.5957],[140.089,35.5945],[140.1005,35.6045],[140.083,35.6139],[140.0839,35.5967],[140.0137,35.6575],[139.9877,35.6546],[140.003,35.6598],[139.986,35.6639],[139.9848,35.6919],[139.9314,35.6745],[139.9475,35.6699],[139.9183,35.6555],[139.9396,35.6411],[139.8977,35.6167],[139.8726,35.6255],[139.8858,35.6768],[139.9187,35.6978],[139.8808,35.7647],[139.9,35.8653],[139.8256,35.9729],[139.8174,36.0325],[139.7762,36.0909]]]]}},{"type":"Feature","properties":{"code":"16","name":"富山県"},"geometry":{"type":"Polygon","coordinates":[[[137.6349,36.9803],[137.7197,36.9263],[137.7299,36.8269],[137.7621,36.7702],[137.7615,36.6651],[137.7509,36.5896],[137.6887,36.5628],[137.7053,36.5185],[137.6696,36.5103],[137.6334,36.4257],[137.5925,36.3905],[137.5398,36.3926],[137.5052,36.4248],[137.461,36.4125],[137.4058,36.4263],[137.3902,36.4597],[137.3135,36.4251],[137.3085,36.4639],[137.2468,36.4618],[137.2065,36.4279],[137.1915,36.4553],[137.1607,36.4567],[137.0946,36.3841],[137.0582,36.3721],[137.0519,36.3302],[136.9751,36.2745],[136.9578,36.2791],[136.9713,36.3149],[136.9467,36.3461],[136.9072,36.361],[136.8749,36.3429],[136.8713,36.3675],[136.8651,36.3498],[136.8371,36.3475],[136.8315,36.3065],[136.7921,36.2991],[136.7841,36.3422],[136.8073,36.3585],[136.7689,36.4297],[136.7964,36.4445],[136.7947,36.5081],[136.8169,36.5521],[136.7918,36.569],[136.7842,36.623],[136.8235,36.6699],[136.7891,36.7185],[136.8473,36.7578],[136.8562,36.8401],[136.8954,36.9249],[136.9307,36.9506],[136.9725,36.9446],[136.9858,36.9667],[137.0373,36.9673],[137.0516,36.9595],[137.0321,36.9242],[136.9837,36.8728],[137.0165,36.8296],[137.1133,36.7816],[137.092,36.7706],[137.317,36.7587],[137.3922,36.8066],[137.4187,36.8768],[137.4095,36.8967],[137.4351,36.9305],[137.6349,36.9803]]]}},{"type":"Feature","properties":{"code":"13","name":"東京都"},"geometry":{"type":"MultiPolygon","coordinates":[[[[138.944,35.8547],[138.9682,35.8821],[139.0239,35.8974],[139.1964,35.8401],[139.3015,35.8341],[139.3257,35.795],[139.3702,35.7912],[139.3919,35.7633],[139.497,35.7787],[139.5416,35.8074],[139.5436,35.7817],[139.5161,35.7655],[139.5478,35.7738],[139.5479,35.7537],[139.5887,35.7786],[139.6218,35.7667],[139.6416,35.7981],[139.7378,35.7805],[139.7556,35.8127],[139.8211,35.8151],[139.8272,35.7936],[139.8938,35.7827],[139.8808,35.7647],[139.9187,35.6978],[139.8858,35.6768],[139.8729,35.6385],[139.8065,35.6406],[139.7986,35.6219],[139.7788,35.6375],[139.7956,35.6498],[139.7767,35.6422],[139.7895,35.6569],[139.7616,35.6526],[139.7441,35.5894],[139.7543,35.5616],[139.7855,35.5705],[139.8087,35.5384],[139.7898,35.5267],[139.7575,35.5442],[139.7018,35.5372],[139.6653,35.5889],[139.562,35.6325],[139.5254,35.6427],[139.4968,35.6048],[139.463,35.6249],[139.4532,35.6049],[139.5072,35.5757],[139.4896,35.5615],[139.49,35.5841],[139.4732,35.5763],[139.485,35.5039],[139.4678,35.5022],[139.3986,35.5844],[139.2822,35.613],[139.2406,35.6063],[139.2157,35.6461],[139.1799,35.6455],[139.1617,35.6679],[139.0256,35.7193],[138.944,35.8547]]],[[[139.4388,34.6786],[139.3595,34.7017],[139.3603,34.7988],[139.4345,34.7703],[139.4496,34.7153],[139.4388,34.6786]]],[[[139.5021,34.0454],[139.4731,34.0765],[139.4914,34.1172],[139.5585,34.1113],[139.5624,34.0685],[139.5021,34.0454]]],[[[139.8322,33.0461],[139.7548,33.1044],[139.7468,33.1559],[139.8464,33.1164],[139.8581,33.0785],[139.8322,33.0461]]]]}},{"type":"Feature","properties":{"code":"11","name":"埼玉県"},"geometry":{"type":"Polygon","coordinates":[[[139.1293,36.2834],[139.3235,36.2297],[139.3595,36.2532],[139.4572,36.1906],[139.5879,36.2104],[139.6249,36.1866],[139.6606,36.2147],[139.6861,36.2037],[139.7298,36.0879],[139.7762,36.0909],[139.8174,36.0325],[139.8256,35.9729],[139.8873,35.8965],[139.8938,35.7827],[139.7677,35.8175],[139.7378,35.7805],[139.6571,35.8005],[139.6218,35.7667],[139.5887,35.7786],[139.5479,35.7537],[139.5478,35.7738],[139.5161,35.7655],[139.5436,35.7817],[139.5416,35.8074],[139.497,35.7787],[139.3919,35.7633],[139.3702,35.7912],[139.3257,35.795],[139.3015,35.8341],[139.1964,35.8401],[139.0239,35.8974],[138.8929,35.8399],[138.7288,35.9093],[138.7387,35.9384],[138.7127,35.9853],[138.755,36.0346],[138.8285,36.0373],[138.8661,36.0777],[138.9458,36.0963],[138.9584,36.1243],[139.0428,36.1296],[139.0632,36.1959],[139.1293,36.2834]]]}},{"type":"Feature","properties":{"code":"35","name":"山口県"},"geometry":{"type":"MultiPolygon","coordinates":[[[[131.6899,34.681],[131.6942,34.621],[131.7181,34.6121],[131.726,34.5783],[131.7021,34.5652],[131.7048,34.5317],[131.6672,34.5041],[131.6992,34.4743],[131.6976,34.4351],[131.7931,34.4362],[131.7637,34.3816],[131.7762,34.3335],[131.8301,34.3025],[131.8804,34.3087],[131.919,34.3377],[131.9578,34.3064],[132.0126,34.3717],[131.9968,34.4279],[132.0245,34.4623],[132.066,34.4683],[132.0802,34.4423],[132.0692,34.3563],[132.1267,34.3326],[132.1447,34.2364],[132.204,34.2287],[132.1958,34.2043],[132.2449,34.2107],[132.2301,34.1855],[132.246,34.1481],[132.1998,34.1203],[132.2128,34.0032],[132.1841,33.9613],[132.1172,33.9511],[132.1572,33.8453],[132.1169,33.8318],[132.1193,33.8754],[132.0441,33.9091],[132.0577,33.9241],[132.0244,33.9019],[131.9815,33.9291],[131.9699,33.9167],[131.9628,33.9438],[131.8628,33.9884],[131.8633,34.0066],[131.8318,34.0109],[131.7935,33.9873],[131.8205,33.9765],[131.8098,33.9677],[131.7612,33.9751],[131.8267,34.0294],[131.8036,34.0429],[131.7821,34.0303],[131.7969,34.0601],[131.7424,34.0487],[131.7525,34.0706],[131.635,34.0469],[131.6096,34.0212],[131.5952,34.0431],[131.539,33.9973],[131.4744,34.0377],[131.4793,34.0117],[131.4495,34.0095],[131.4602,33.9878],[131.4365,33.9826],[131.4184,34.0155],[131.3953,33.9845],[131.4162,34.0228],[131.3842,34.0493],[131.3538,33.9655],[131.2658,33.9228],[131.2518,33.9368],[131.2318,33.9271],[131.2384,33.9513],[131.1777,33.9315],[131.157,33.9531],[131.169,33.996],[131.1329,34.0032],[131.1347,33.9913],[131.0916,34.0373],[131.0369,34.057],[130.9913,33.9865],[130.904,33.9137],[130.8728,33.9487],[130.917,33.9467],[130.9111,34.0591],[130.8597,34.1098],[130.8654,34.1356],[130.8926,34.135],[130.9253,34.1699],[130.9294,34.2106],[130.8664,34.2873],[130.8967,34.3173],[130.9,34.3623],[130.9255,34.3417],[130.9998,34.3739],[131.034,34.3703],[131.0129,34.4048],[130.9314,34.3927],[130.9715,34.4419],[131.019,34.4112],[131.1308,34.4177],[131.1544,34.3725],[131.1972,34.3973],[131.215,34.3708],[131.2243,34.3928],[131.3052,34.3829],[131.3367,34.4183],[131.4148,34.4261],[131.4217,34.441],[131.3964,34.4603],[131.415,34.4487],[131.4613,34.4862],[131.4555,34.526],[131.5033,34.5339],[131.5369,34.5625],[131.5563,34.6151],[131.6028,34.6242],[131.589,34.6326],[131.6029,34.6619],[131.6339,34.6639],[131.6488,34.6409],[131.6899,34.681]]],[[[132.2068,33.8569],[132.1728,33.9225],[132.1855,33.9545],[132.2135,33.9651],[132.2842,33.9557],[132.3289,33.9017],[132.4024,33.9293],[132.4152,33.952],[132.4702,33.9505],[132.4064,33.9099],[132.3718,33.9111],[132.3716,33.8624],[132.3268,33.8576],[132.3363,33.8832],[132.2851,33.9016],[132.268,33.8901],[132.2784,33.8712],[132.2211,33.8744],[132.2068,33.8569]]]]}},{"type":"Feature","properties":{"code":"07","name":"福島県"},"geometry":{"type":"Polygon","coordinates":[[[140.2801,37.9769],[140.3513,37.9505],[140.4078,37.9735],[140.475,37.947],[140.4696,37.9199],[140.4882,37.8999],[140.5672,37.9228],[140.6904,37.8883],[140.6864,37.8149],[140.728,37.7817],[140.7995,37.7765],[140.7651,37.7964],[140.7751,37.8065],[140.8526,37.7958],[140.8567,37.8913],[140.8991,37.9039],[140.9312,37.8963],[140.9597,37.8316],[140.9866,37.8241],[141.0279,37.6671],[141.0433,37.4812],[141.0368,37.3175],[141.0129,37.2532],[141.0166,37.23],[141.0284,37.2377],[141.0063,37.2125],[140.9672,36.9709],[140.9207,36.9343],[140.8963,36.9433],[140.8178,36.9087],[140.7863,36.8563],[140.6164,36.9035],[140.5763,36.9428],[140.565,36.9129],[140.5919,36.8731],[140.5394,36.8592],[140.4637,36.7918],[140.4385,36.8216],[140.3773,36.838],[140.3631,36.8851],[140.2432,36.9435],[140.2492,37.0261],[140.2046,37.024],[140.1941,37.0641],[140.1378,37.1064],[140.0228,37.1432],[139.9026,37.154],[139.831,37.1324],[139.822,37.0855],[139.7758,37.0917],[139.7529,37.0711],[139.6735,37.0579],[139.5356,36.9811],[139.4599,36.9697],[139.4285,36.925],[139.3934,36.9109],[139.2311,36.9368],[139.2551,36.9895],[139.2443,37.0146],[139.2601,37.0471],[139.2361,37.1162],[139.2534,37.1648],[139.2212,37.209],[139.1966,37.1942],[139.1648,37.238],[139.2119,37.286],[139.2336,37.3439],[139.2317,37.3877],[139.1972,37.4109],[139.2161,37.443],[139.3623,37.4701],[139.3976,37.4601],[139.4285,37.5144],[139.5852,37.5131],[139.5494,37.6488],[139.6273,37.6885],[139.6579,37.7547],[139.7415,37.8179],[139.7114,37.8545],[139.6811,37.8472],[139.7075,37.8562],[139.7422,37.8207],[139.7836,37.8319],[139.8102,37.8035],[139.8585,37.827],[139.8859,37.8099],[139.9374,37.8285],[139.9927,37.7589],[140.0494,37.7793],[140.1175,37.7346],[140.167,37.7573],[140.2373,37.7467],[140.2988,37.809],[140.2627,37.8355],[140.2801,37.9769]]]}},{"type":"Feature","properties":{"code":"17","name":"石川県"},"geometry":{"type":"MultiPolygon","coordinates":[[[[137.0857,37.4663],[137.2768,37.5335],[137.3449,37.5157],[137.3605,37.4518],[137.2568,37.4318],[137.2388,37.3735],[137.2676,37.3365],[137.2344,37.298],[137.1509,37.3069],[137.0989,37.2791],[137.0688,37.2181],[137.0105,37.1835],[136.946,37.2163],[136.9639,37.2354],[136.9249,37.2335],[136.9319,37.2207],[136.9064,37.2179],[136.9261,37.1992],[136.9071,37.2035],[136.8728,37.1447],[136.8996,37.1375],[136.8927,37.1113],[136.859,37.1063],[136.8713,37.0865],[136.8585,37.0727],[136.9355,37.0865],[136.9709,37.0477],[137.0041,37.0574],[137.0299,37.1071],[137.0574,37.1081],[137.0565,36.9681],[136.9858,36.9667],[136.9725,36.9446],[136.9307,36.9506],[136.8954,36.9249],[136.8562,36.8401],[136.8473,36.7578],[136.7891,36.7185],[136.8235,36.6699],[136.7836,36.6147],[136.7918,36.569],[136.8169,36.5521],[136.7947,36.5081],[136.7964,36.4445],[136.7688,36.4234],[136.8073,36.3585],[136.7841,36.3422],[136.7921,36.2991],[136.8515,36.2484],[136.7984,36.1728],[136.7657,36.1611],[136.7788,36.1336],[136.7542,36.0865],[136.6745,36.0677],[136.5516,36.155],[136.4894,36.159],[136.4401,36.1374],[136.4092,36.1719],[136.344,36.1729],[136.3318,36.2293],[136.2437,36.2956],[136.2993,36.3519],[136.4158,36.4199],[136.5745,36.5865],[136.6691,36.7013],[136.7522,36.8493],[136.7674,37.0016],[136.7226,37.0557],[136.727,37.1339],[136.6701,37.1491],[136.68,37.2064],[136.7349,37.2862],[136.7249,37.3275],[136.756,37.3643],[136.8425,37.4004],[136.9243,37.3953],[137.0857,37.4663]]],[[[136.9464,37.0915],[136.9013,37.152],[136.9242,37.1309],[136.9408,37.1464],[136.9757,37.1403],[136.967,37.1551],[137.0068,37.1363],[137.0355,37.168],[137.0539,37.1497],[137.0402,37.1175],[136.9968,37.1197],[136.9464,37.0915]]]]}},{"type":"Feature","properties":{"code":"18","name":"福井県"},"geometry":{"type":"MultiPolygon","coordinates":[[[[136.2437,36.2956],[136.3318,36.2293],[136.3357,36.1846],[136.3595,36.1655],[136.4092,36.1719],[136.4565,36.1364],[136.4894,36.159],[136.5516,36.155],[136.6637,36.0676],[136.754,36.0864],[136.7638,36.0677],[136.733,36.0493],[136.7264,35.9959],[136.7507,35.9904],[136.7535,35.9563],[136.7915,35.9467],[136.7844,35.9244],[136.8221,35.8962],[136.8284,35.8489],[136.8026,35.8439],[136.7891,35.7995],[136.7233,35.8082],[136.66,35.7835],[136.6449,35.8069],[136.5709,35.7776],[136.5233,35.7883],[136.5057,35.7504],[136.4854,35.776],[136.3775,35.7952],[136.3283,35.7751],[136.3236,35.7169],[136.2806,35.6587],[136.185,35.7037],[136.15,35.6978],[136.1342,35.6699],[136.1767,35.5961],[136.1685,35.5655],[136.1133,35.5829],[136.1051,35.5288],[136.0261,35.5296],[136.0059,35.4916],[135.9815,35.4868],[135.9398,35.5204],[135.8904,35.4038],[135.8616,35.3951],[135.8528,35.4115],[135.8151,35.4131],[135.7684,35.3561],[135.7007,35.3437],[135.5285,35.3797],[135.5253,35.4207],[135.4958,35.4251],[135.4591,35.4675],[135.4754,35.4891],[135.449,35.5235],[135.4646,35.5509],[135.4865,35.558],[135.4685,35.5299],[135.4801,35.5223],[135.5091,35.5347],[135.4999,35.554],[135.5177,35.5499],[135.5082,35.5032],[135.5342,35.4889],[135.5756,35.4932],[135.6609,35.5476],[135.6689,35.5252],[135.6282,35.5219],[135.6419,35.5081],[135.6264,35.4892],[135.5807,35.4899],[135.7181,35.4843],[135.7639,35.5361],[135.7183,35.5202],[135.7169,35.5401],[135.6888,35.5496],[135.7132,35.569],[135.7486,35.5665],[135.7574,35.543],[135.7646,35.5568],[135.7979,35.5251],[135.8336,35.5363],[135.8011,35.5713],[135.8393,35.5632],[135.8557,35.5917],[135.8143,35.6423],[135.8658,35.6086],[135.9801,35.6299],[135.9636,35.6563],[135.9757,35.696],[135.9539,35.7205],[136.0169,35.7639],[136.0429,35.7059],[136.025,35.6806],[136.0436,35.6587],[136.0737,35.6625],[136.1,35.7771],[135.9944,35.8879],[135.9968,35.9355],[135.9575,35.9816],[136.0108,36.0341],[136.0282,36.0958],[136.095,36.1568],[136.1124,36.2053],[136.1293,36.1919],[136.1232,36.2493],[136.1726,36.2532],[136.2437,36.2956]]]]}},{"type":"Feature","properties":{"code":"38","name":"愛媛県"},"geometry":{"type":"MultiPolygon","coordinates":[[[[132.9591,34.1911],[132.9423,34.2089],[132.9878,34.2233],[132.9943,34.252],[132.964,34.2634],[132.9898,34.2753],[132.9835,34.2906],[133.024,34.2955],[133.0557,34.2581],[133.058,34.2201],[132.9591,34.1911]]],[[[133.0343,34.1077],[133.012,34.1105],[133.0228,34.1541],[133.0399,34.1497],[133.0289,34.1918],[133.0663,34.1917],[133.0825,34.1694],[133.1105,34.1785],[133.0343,34.1077]]],[[[132.5306,33.6375],[132.661,33.7076],[132.7,33.7614],[132.6869,33.8327],[132.718,33.8649],[132.7002,33.8855],[132.7089,33.9072],[132.7527,33.9093],[132.7648,33.9981],[132.8645,34.0595],[132.921,34.0663],[132.9261,34.1077],[132.8909,34.1177],[132.9215,34.1163],[132.9408,34.142],[133.0313,34.052],[133.0636,33.9737],[133.0923,33.9407],[133.1186,33.9411],[133.1183,33.9245],[133.1252,33.9414],[133.1331,33.9271],[133.2009,33.9363],[133.2541,33.9563],[133.255,33.9806],[133.262,33.9631],[133.2696,33.9836],[133.3196,33.9939],[133.5127,33.9701],[133.5979,34.0436],[133.6841,34.0072],[133.6745,33.9835],[133.692,33.9458],[133.6755,33.9263],[133.6891,33.9161],[133.6602,33.8816],[133.5826,33.8676],[133.5518,33.8821],[133.4968,33.8293],[133.4154,33.8397],[133.3258,33.8145],[133.2767,33.8308],[133.2365,33.7828],[133.1932,33.7937],[133.1161,33.6603],[133.0768,33.6534],[133.079,33.6086],[133.046,33.5754],[133.063,33.5435],[133.0148,33.4808],[132.8113,33.4656],[132.8357,33.3995],[132.9015,33.3386],[132.8951,33.3121],[132.7933,33.2745],[132.775,33.2062],[132.7409,33.2007],[132.6955,33.1383],[132.6349,33.1863],[132.6189,33.1809],[132.6289,33.1323],[132.666,33.0977],[132.657,33.057],[132.6777,33.033],[132.6838,32.9495],[132.5977,32.9126],[132.5856,32.9346],[132.6015,32.9468],[132.5481,32.9453],[132.5679,32.9294],[132.5139,32.9499],[132.5045,32.9411],[132.5265,32.9327],[132.4968,32.9173],[132.5265,32.9148],[132.4912,32.8981],[132.4598,32.938],[132.5023,32.9557],[132.4701,32.9698],[132.4968,32.9875],[132.4943,32.9639],[132.5534,32.9602],[132.5116,32.9768],[132.4813,33.0491],[132.4498,33.0483],[132.4513,33.035],[132.4086,33.0559],[132.411,33.0273],[132.3777,33.0227],[132.414,33.0724],[132.4317,33.0531],[132.4827,33.0561],[132.4779,33.084],[132.461,33.0758],[132.4802,33.0982],[132.4461,33.1241],[132.5013,33.1304],[132.4407,33.1377],[132.431,33.1695],[132.4641,33.1711],[132.4055,33.2051],[132.4577,33.2107],[132.4599,33.182],[132.481,33.1857],[132.4847,33.1645],[132.4923,33.1837],[132.5146,33.1707],[132.4893,33.1959],[132.5112,33.2131],[132.5595,33.2221],[132.5199,33.2481],[132.5421,33.2706],[132.5091,33.2591],[132.4811,33.2744],[132.4683,33.2552],[132.4821,33.2889],[132.5226,33.3149],[132.4312,33.3198],[132.4173,33.3033],[132.3711,33.3181],[132.4193,33.3565],[132.4061,33.3596],[132.4188,33.3825],[132.3832,33.3617],[132.378,33.3846],[132.3956,33.3988],[132.3795,33.4161],[132.4149,33.4439],[132.3823,33.4419],[132.4193,33.4624],[132.3865,33.4596],[132.3906,33.4765],[132.3736,33.4603],[132.353,33.488],[132.3164,33.4515],[132.299,33.4745],[132.2798,33.4469],[132.1832,33.4123],[132.1522,33.3736],[132.1025,33.3619],[132.1197,33.3865],[132.0954,33.3872],[132.0119,33.3442],[132.1203,33.4199],[132.1329,33.403],[132.1375,33.4205],[132.1644,33.4111],[132.1558,33.4396],[132.175,33.4274],[132.1735,33.4468],[132.2233,33.4445],[132.2407,33.4653],[132.2594,33.4499],[132.2579,33.4735],[132.4172,33.5443],[132.4774,33.6162],[132.5306,33.6375]]]]}},{"type":"Feature","properties":{"code":"29","name":"奈良県"},"geometry":{"type":"Polygon","coordinates":[[[135.7116,34.7813],[135.7551,34.7275],[135.8486,34.7059],[135.89,34.7087],[135.9254,34.7575],[135.9254,34.7403],[135.9754,34.7409],[135.9859,34.7151],[136.014,34.7077],[136.0552,34.7384],[136.07,34.7137],[136.0533,34.7051],[136.0855,34.6763],[136.0635,34.6521],[136.0403,34.6633],[136.0725,34.6366],[136.0495,34.5801],[136.1142,34.5459],[136.1556,34.5587],[136.1671,34.52],[136.2163,34.5281],[136.229,34.4941],[136.2059,34.4485],[136.0958,34.4352],[136.0687,34.3935],[136.1292,34.3159],[136.0947,34.301],[136.1311,34.2517],[136.0931,34.1956],[136.1141,34.1593],[136.099,34.1187],[136.1182,34.0822],[136.0927,34.0826],[136.1033,34.0255],[136.0186,34.0359],[135.9848,33.9922],[135.9268,33.9811],[135.8934,33.9481],[135.9086,33.9184],[135.8942,33.906],[135.8651,33.9199],[135.8607,33.887],[135.8823,33.8787],[135.8718,33.8588],[135.8479,33.8956],[135.8082,33.9065],[135.7557,33.8851],[135.6866,33.9039],[135.6183,33.8719],[135.6218,33.8981],[135.5996,33.9081],[135.6173,33.9543],[135.6362,33.9503],[135.6356,33.9908],[135.5955,34.0115],[135.58,34.0569],[135.5396,34.075],[135.5905,34.149],[135.6445,34.1884],[135.6475,34.2187],[135.7073,34.2082],[135.7297,34.2283],[135.715,34.2655],[135.673,34.2807],[135.6507,34.3832],[135.6754,34.3995],[135.6647,34.424],[135.6864,34.4509],[135.6766,34.5246],[135.6505,34.5449],[135.6815,34.5849],[135.6503,34.6087],[135.7116,34.7813]]]}},{"type":"Feature","properties":{"code":"32","name":"島根県"},"geometry":{"type":"MultiPolygon","coordinates":[[[[133.248,36.161],[133.2446,36.1771],[133.2298,36.1699],[133.2447,36.1897],[133.1826,36.2121],[133.18,36.2881],[133.2039,36.2798],[133.1952,36.3015],[133.2315,36.3183],[133.2241,36.3283],[133.2622,36.3283],[133.2817,36.3485],[133.3853,36.2687],[133.3697,36.2062],[133.3387,36.196],[133.3443,36.2241],[133.3345,36.2029],[133.3062,36.1996],[133.3341,36.1973],[133.3397,36.1699],[133.2872,36.1711],[133.2795,36.1882],[133.2775,36.1699],[133.248,36.161]]],[[[132.9979,36.0389],[132.9464,36.0643],[132.9771,36.1145],[133.0053,36.1079],[133.0139,36.1377],[133.0912,36.1391],[133.0391,36.1073],[133.0563,36.0833],[133.0431,36.0605],[133.0069,36.0743],[133.0051,36.1058],[132.9792,36.0891],[132.9979,36.0389]]],[[[133.2441,35.5491],[133.1979,35.5264],[133.2215,35.4815],[133.3205,35.4069],[133.3239,35.3743],[133.2919,35.3197],[133.3099,35.2685],[133.1528,35.2191],[133.1944,35.1699],[133.1493,35.1409],[133.1396,35.0757],[133.0964,35.0849],[133.033,35.0683],[132.9902,35.1014],[132.9499,35.0755],[132.8718,35.1018],[132.827,35.0612],[132.8362,35.0473],[132.7452,34.9771],[132.7468,34.9593],[132.6845,34.9507],[132.6333,34.9049],[132.6999,34.8821],[132.7099,34.8499],[132.6972,34.8429],[132.6151,34.8433],[132.5374,34.7949],[132.454,34.8012],[132.4346,34.8206],[132.396,34.7794],[132.3718,34.8012],[132.3157,34.8014],[132.298,34.7771],[132.241,34.8059],[132.2215,34.7503],[132.13,34.708],[132.1612,34.6833],[132.1157,34.6127],[132.1251,34.5825],[132.0473,34.5215],[132.0359,34.5022],[132.0679,34.4675],[132.0245,34.4623],[131.9968,34.4279],[132.0126,34.3717],[131.9578,34.3064],[131.919,34.3377],[131.8804,34.3087],[131.8192,34.3026],[131.7762,34.3335],[131.7654,34.3649],[131.7931,34.4362],[131.6976,34.4351],[131.6992,34.4743],[131.6672,34.5041],[131.7048,34.5317],[131.7021,34.5652],[131.726,34.5783],[131.7181,34.6121],[131.6942,34.621],[131.6899,34.681],[131.7468,34.6759],[131.8441,34.7087],[131.8701,34.7324],[131.8641,34.7548],[131.943,34.7911],[132.0055,34.8465],[132.007,34.8682],[132.0534,34.8717],[132.1119,34.953],[132.2354,35.0346],[132.3085,35.0566],[132.3315,35.0975],[132.3859,35.1287],[132.381,35.1468],[132.4168,35.1903],[132.626,35.2873],[132.6738,35.3749],[132.6715,35.4011],[132.6239,35.4179],[132.6287,35.4352],[132.7505,35.4475],[132.7269,35.47],[132.8644,35.5133],[132.9655,35.5148],[132.9687,35.5438],[133.0265,35.5389],[133.031,35.5578],[133.0576,35.5635],[133.0478,35.5785],[133.0958,35.5783],[133.0889,35.6037],[133.1512,35.5595],[133.2165,35.5815],[133.3251,35.5683],[133.2441,35.5491]]]]}},{"type":"Feature","properties":{"code":"03","name":"岩手県"},"geometry":{"type":"MultiPolygon","coordinates":[[[[141.5819,40.3745],[141.587,40.4075],[141.6831,40.4509],[141.8167,40.2707],[141.8341,40.2205],[141.8074,40.2161],[141.8127,40.1903],[141.7949,40.1906],[141.8764,40.1445],[141.8431,40.1309],[141.8295,40.0865],[141.9548,39.9857],[141.9636,39.9535],[141.9404,39.9199],[141.9721,39.8829],[141.9844,39.7898],[142.0046,39.7761],[141.9887,39.7601],[142.0039,39.7522],[141.9721,39.7305],[141.9868,39.7235],[141.9686,39.6919],[141.985,39.6875],[141.9713,39.6519],[141.9833,39.6476],[141.9475,39.5915],[142.0268,39.6557],[142.0269,39.5793],[142.0568,39.5749],[142.0726,39.5487],[142.0569,39.5221],[142.0338,39.5293],[142.0096,39.4765],[141.9542,39.468],[141.9791,39.4395],[142.0371,39.4834],[142.0607,39.4719],[142.044,39.4255],[141.9868,39.4091],[141.976,39.4275],[141.9393,39.387],[141.9679,39.3751],[141.9582,39.3577],[141.9156,39.3568],[141.8993,39.3365],[141.9154,39.3245],[141.9976,39.3522],[141.9712,39.3137],[141.8879,39.3037],[141.9292,39.2681],[141.8895,39.2742],[141.9034,39.2569],[141.8922,39.2466],[141.9712,39.2491],[141.9448,39.2414],[141.9488,39.2183],[141.8907,39.198],[141.8692,39.2072],[141.8666,39.1927],[141.9217,39.1786],[141.8375,39.1462],[141.9218,39.1051],[141.8818,39.0845],[141.8115,39.1121],[141.8218,39.0773],[141.8755,39.0651],[141.8143,39.0574],[141.8531,39.0297],[141.802,39.0246],[141.7977,39.0433],[141.7335,39.0203],[141.7299,39.0711],[141.7099,39.0247],[141.7447,38.9958],[141.7111,38.9964],[141.6973,38.9693],[141.7288,38.9529],[141.7057,38.9392],[141.6694,38.9759],[141.6817,38.9987],[141.6672,39.006],[141.6251,39.0011],[141.6322,38.971],[141.5681,38.9957],[141.491,38.9985],[141.4916,38.9159],[141.4514,38.8767],[141.4663,38.8572],[141.4502,38.8365],[141.4589,38.8148],[141.4297,38.8109],[141.4383,38.7833],[141.4107,38.7681],[141.3945,38.7997],[141.3104,38.8227],[141.3035,38.7933],[141.2736,38.7969],[141.255,38.76],[141.217,38.7495],[141.1059,38.8232],[141.1463,38.8559],[141.1401,38.8779],[140.9865,38.8755],[140.958,38.9085],[140.8262,38.9635],[140.7739,38.9585],[140.7645,39.0001],[140.8103,39.0574],[140.8024,39.0778],[140.7529,39.0865],[140.7702,39.1244],[140.7496,39.1397],[140.8085,39.1803],[140.7657,39.1977],[140.7888,39.238],[140.6947,39.3001],[140.7096,39.3303],[140.6799,39.3815],[140.6541,39.3909],[140.6586,39.4157],[140.6816,39.4199],[140.6831,39.4575],[140.7243,39.4807],[140.714,39.4984],[140.7409,39.5348],[140.7307,39.5661],[140.7957,39.6033],[140.8219,39.6498],[140.8229,39.6882],[140.7749,39.7349],[140.8478,39.7961],[140.787,39.8238],[140.783,39.8657],[140.8261,39.8867],[140.8527,39.8665],[140.8781,39.8747],[140.8483,39.9597],[140.8447,40.0737],[140.88,40.1075],[140.8674,40.1313],[140.8832,40.1589],[140.8605,40.1738],[140.8962,40.214],[140.9553,40.2482],[140.9805,40.2201],[141.0263,40.2221],[141.1046,40.2567],[141.1009,40.2815],[141.2146,40.3148],[141.3174,40.3733],[141.3514,40.3315],[141.3976,40.3677],[141.4434,40.3763],[141.5374,40.3478],[141.5819,40.3745]]]]}},{"type":"Feature","properties":{"code":"31","name":"鳥取県"},"geometry":{"type":"Polygon","coordinates":[[[134.3695,35.6146],[134.4208,35.5629],[134.4123,35.5153],[134.4299,35.5032],[134.4398,35.4428],[134.4795,35.4253],[134.4722,35.378],[134.5133,35.3539],[134.5146,35.2773],[134.4624,35.2367],[134.434,35.2295],[134.393,35.2526],[134.3208,35.2018],[134.2605,35.2104],[134.1718,35.1699],[134.1534,35.1949],[134.1625,35.2293],[134.1367,35.239],[134.1499,35.2585],[134.1387,35.279],[134.0972,35.3059],[134.0101,35.3076],[134.0142,35.3504],[133.9316,35.3338],[133.9249,35.3075],[133.8627,35.293],[133.8651,35.2731],[133.8308,35.2489],[133.7973,35.2941],[133.7451,35.3193],[133.5957,35.3451],[133.5592,35.2464],[133.5053,35.2286],[133.5256,35.1829],[133.3965,35.1809],[133.4029,35.1143],[133.2989,35.1035],[133.2684,35.0578],[133.2468,35.0785],[133.136,35.0693],[133.1493,35.1409],[133.1944,35.1699],[133.1528,35.2191],[133.3099,35.2685],[133.2919,35.3197],[133.3239,35.3743],[133.3205,35.4069],[133.2215,35.4815],[133.1979,35.5264],[133.2175,35.5461],[133.2648,35.5516],[133.2441,35.5352],[133.264,35.4982],[133.3932,35.4535],[133.4248,35.4602],[133.4456,35.494],[133.567,35.5303],[133.7716,35.5007],[133.9357,35.5128],[134.0073,35.5379],[134.0177,35.5211],[134.0777,35.5216],[134.2468,35.5519],[134.3695,35.6146]]]}},{"type":"Feature","properties":{"code":"36","name":"徳島県"},"geometry":{"type":"MultiPolygon","coordinates":[[[[134.4397,34.2079],[134.5717,34.2223],[134.5835,34.2393],[134.5829,34.2039],[134.6418,34.1802],[134.6037,34.1197],[134.5884,34.0117],[134.6139,33.9967],[134.6058,33.9827],[134.634,34.0097],[134.7058,33.9257],[134.6747,33.8797],[134.6527,33.8823],[134.6285,33.8573],[134.6454,33.8659],[134.6428,33.8427],[134.7193,33.8452],[134.6805,33.8301],[134.7495,33.8345],[134.6019,33.7647],[134.5797,33.7699],[134.5665,33.7327],[134.5433,33.7366],[134.5166,33.7015],[134.3955,33.6561],[134.3618,33.627],[134.3888,33.6233],[134.3633,33.5889],[134.332,33.5844],[134.3622,33.5805],[134.3108,33.5763],[134.314,33.5457],[134.1927,33.5615],[134.1492,33.6291],[134.1835,33.6489],[134.1743,33.6836],[134.0575,33.6908],[134.0673,33.7262],[134.0324,33.8283],[133.9604,33.8347],[133.9409,33.7991],[133.9131,33.7915],[133.8718,33.806],[133.8386,33.8446],[133.7468,33.8368],[133.664,33.8688],[133.6891,33.9161],[133.6755,33.9263],[133.692,33.9458],[133.679,34.0124],[133.7203,34.022],[133.7774,34.0781],[133.8157,34.0727],[133.8329,34.0975],[133.9385,34.1153],[133.9718,34.0731],[133.9968,34.0738],[134.0503,34.1179],[134.1218,34.1187],[134.1456,34.1649],[134.1734,34.1767],[134.2594,34.1833],[134.2974,34.1685],[134.3493,34.1853],[134.4124,34.1568],[134.4334,34.1699],[134.4397,34.2079]]]]}},{"type":"Feature","properties":{"code":"46","name":"鹿児島県"},"geometry":{"type":"MultiPolygon","coordinates":[[[[130.1578,32.0898],[130.1107,32.1258],[130.1149,32.1565],[130.0901,32.18],[130.1218,32.2001],[130.1062,32.2146],[130.1562,32.1953],[130.1446,32.2167],[130.1742,32.2291],[130.1996,32.1975],[130.1845,32.1643],[130.2086,32.1556],[130.171,32.1341],[130.1578,32.0898]]],[[[130.5908,32.1859],[130.7197,32.1006],[130.7025,32.0582],[130.7774,32.0139],[130.7995,31.9493],[130.8658,31.933],[130.913,31.8857],[130.8746,31.8429],[130.8761,31.8154],[130.9866,31.7792],[130.9773,31.7532],[131.0142,31.7485],[131.0251,31.6662],[131.0531,31.6337],[131.0783,31.6597],[131.1276,31.6263],[131.1642,31.6391],[131.2038,31.5785],[131.1883,31.5573],[131.1986,31.5143],[131.1692,31.4998],[131.1595,31.4616],[131.109,31.476],[131.0185,31.3913],[131.0171,31.3565],[131.1075,31.3308],[131.073,31.2915],[131.0784,31.2723],[131.1266,31.2752],[131.0659,31.2281],[131.0162,31.2278],[130.9843,31.1798],[130.9944,31.1695],[130.9731,31.1669],[130.9598,31.1372],[130.7468,31.0605],[130.6606,30.9942],[130.6779,31.0529],[130.6529,31.0694],[130.747,31.1398],[130.7655,31.1796],[130.7529,31.2103],[130.7891,31.2532],[130.8018,31.3365],[130.7567,31.4213],[130.6976,31.4629],[130.6974,31.5553],[130.6361,31.5459],[130.5905,31.5865],[130.627,31.621],[130.6771,31.6291],[130.7157,31.6029],[130.7057,31.5569],[130.7642,31.5623],[130.8219,31.656],[130.7939,31.7018],[130.737,31.7067],[130.6867,31.735],[130.6274,31.7131],[130.6089,31.6827],[130.618,31.6565],[130.5607,31.5957],[130.5579,31.5463],[130.5176,31.5032],[130.5303,31.484],[130.5136,31.4939],[130.5317,31.4698],[130.5117,31.4634],[130.5245,31.4137],[130.5571,31.3856],[130.5411,31.3856],[130.5704,31.3138],[130.6667,31.2667],[130.6549,31.2177],[130.6301,31.2115],[130.6393,31.1913],[130.5938,31.1785],[130.5862,31.1559],[130.5543,31.1781],[130.5197,31.1651],[130.5075,31.2131],[130.4623,31.2499],[130.2908,31.2689],[130.2769,31.2466],[130.2142,31.2491],[130.2287,31.2805],[130.2009,31.282],[130.199,31.2969],[130.2232,31.3104],[130.173,31.3235],[130.2089,31.3469],[130.1305,31.4113],[130.1056,31.4119],[130.1353,31.4129],[130.1577,31.4397],[130.2247,31.3986],[130.2716,31.4259],[130.3317,31.5552],[130.3147,31.6583],[130.2528,31.7092],[130.2518,31.7309],[130.2125,31.7553],[130.1855,31.7487],[130.166,31.7938],[130.2231,31.9115],[130.2,31.9861],[130.1728,31.9915],[130.2058,32.0579],[130.1924,32.0839],[130.1716,32.0777],[130.1746,32.1045],[130.2231,32.1279],[130.3081,32.108],[130.3514,32.1358],[130.36,32.1678],[130.4035,32.1197],[130.4533,32.1134],[130.476,32.1389],[130.5814,32.1546],[130.5908,32.1859]]],[[[129.8713,31.8006],[129.8411,31.8495],[129.8643,31.8589],[129.8419,31.8697],[129.8349,31.8379],[129.8203,31.8437],[129.8345,31.8821],[129.9094,31.8428],[129.9074,31.8699],[129.931,31.8649],[129.9266,31.8213],[129.8713,31.8006]]],[[[129.7129,31.6216],[129.7057,31.6367],[129.6884,31.6216],[129.665,31.6343],[129.6571,31.6585],[129.6812,31.6633],[129.7064,31.7231],[129.7736,31.7404],[129.781,31.7907],[129.7988,31.7855],[129.7687,31.7135],[129.7377,31.7044],[129.7242,31.6699],[129.7371,31.6552],[129.7129,31.6216]]],[[[130.9483,30.6352],[130.9397,30.6699],[130.9922,30.7251],[131.0022,30.7837],[131.0552,30.8391],[131.0815,30.7837],[131.0775,30.6969],[131.0551,30.6699],[131.0339,30.5663],[131.0001,30.5485],[130.9619,30.4797],[130.9802,30.3978],[130.9669,30.3725],[130.8713,30.3444],[130.8492,30.4675],[130.8718,30.4659],[130.9289,30.5439],[130.9483,30.6352]]],[[[130.5216,30.2263],[130.4355,30.2403],[130.3759,30.3725],[130.3795,30.3929],[130.4164,30.3954],[130.4626,30.4358],[130.4631,30.4565],[130.4954,30.4554],[130.4968,30.4691],[130.4993,30.4523],[130.5418,30.4464],[130.6697,30.3725],[130.6497,30.2955],[130.5817,30.2387],[130.5216,30.2263]]],[[[129.6453,28.4334],[129.6546,28.4239],[129.6474,28.4677],[129.6651,28.4383],[129.6731,28.461],[129.6469,28.5029],[129.6879,28.5298],[129.7211,28.4581],[129.708,28.4207],[129.6641,28.3977],[129.6132,28.3999],[129.5606,28.3325],[129.5331,28.3272],[129.5426,28.3101],[129.4617,28.2961],[129.4421,28.2464],[129.4063,28.2491],[129.4746,28.2091],[129.4025,28.1905],[129.4003,28.1535],[129.3361,28.1681],[129.3639,28.1499],[129.3766,28.1094],[129.3574,28.1355],[129.2946,28.1483],[129.2809,28.1971],[129.2623,28.1825],[129.2916,28.2227],[129.2639,28.2147],[129.2748,28.2321],[129.253,28.2327],[129.2468,28.2031],[129.1337,28.2537],[129.1799,28.2697],[129.2079,28.2519],[129.2243,28.2726],[129.2468,28.2525],[129.2725,28.2608],[129.2923,28.2843],[129.2487,28.2745],[129.2098,28.3062],[129.3027,28.3293],[129.3373,28.3671],[129.3657,28.3541],[129.3862,28.3729],[129.3982,28.3555],[129.4098,28.3635],[129.3939,28.3854],[129.449,28.3815],[129.4615,28.4126],[129.4755,28.3997],[129.4881,28.4119],[129.4968,28.3799],[129.5217,28.3991],[129.5171,28.4402],[129.5431,28.4619],[129.5606,28.4485],[129.6211,28.477],[129.589,28.4135],[129.6194,28.45],[129.6218,28.4159],[129.6453,28.4334]]],[[[129.9445,28.2739],[129.9154,28.2951],[129.9188,28.3196],[130.0294,28.3714],[129.9767,28.2872],[129.9445,28.2739]]],[[[129.3174,28.0615],[129.3211,28.0952],[129.2906,28.0899],[129.2839,28.0624],[129.2518,28.1104],[129.2158,28.0758],[129.2188,28.1391],[129.194,28.1451],[129.1745,28.1868],[129.2375,28.1935],[129.202,28.1807],[129.2372,28.1505],[129.2546,28.1738],[129.2585,28.1571],[129.2684,28.1671],[129.2738,28.151],[129.2438,28.1481],[129.2602,28.144],[129.2443,28.1216],[129.2741,28.1412],[129.2594,28.1164],[129.286,28.1245],[129.2939,28.1069],[129.3013,28.121],[129.3199,28.1004],[129.3439,28.1151],[129.3529,28.1026],[129.3174,28.0615]]],[[[128.902,27.7525],[128.8781,27.8256],[128.8887,27.8811],[128.9707,27.8915],[128.9747,27.872],[128.9558,27.8629],[128.9676,27.8177],[129.035,27.7713],[129.0201,27.7174],[128.986,27.6696],[128.9364,27.6607],[128.8811,27.7201],[128.902,27.7525]]],[[[128.5763,27.4005],[128.7123,27.4344],[128.6063,27.3449],[128.5563,27.3288],[128.523,27.361],[128.5218,27.3869],[128.5323,27.4045],[128.5763,27.4005]]]]}},{"type":"Feature","properties":{"code":"15","name":"新潟県"},"geometry":{"type":"MultiPolygon","coordinates":[[[[139.5482,38.5534],[139.5988,38.5234],[139.7219,38.4966],[139.7061,38.3919],[139.7531,38.3597],[139.8489,38.343],[139.9001,38.2761],[139.8605,38.2317],[139.7867,38.1929],[139.7127,38.2066],[139.6826,38.1699],[139.6933,38.1155],[139.6723,38.0771],[139.6928,38.0572],[139.6555,38.0343],[139.6249,37.9187],[139.6574,37.8637],[139.6811,37.8472],[139.7114,37.8545],[139.7415,37.8179],[139.6579,37.7547],[139.6273,37.6885],[139.5494,37.6488],[139.5852,37.5131],[139.4285,37.5144],[139.3976,37.4601],[139.3623,37.4701],[139.2231,37.449],[139.1972,37.4109],[139.2317,37.3877],[139.2336,37.3439],[139.2119,37.286],[139.1648,37.238],[139.1966,37.1942],[139.2212,37.209],[139.2534,37.1648],[139.2361,37.1162],[139.2601,37.0471],[139.241,36.9415],[139.2283,36.9613],[139.1803,36.9647],[139.1719,37.0003],[139.097,37.0588],[139.0902,37.0196],[139.047,36.9875],[138.9665,36.9789],[138.979,36.8911],[138.923,36.8835],[138.9284,36.8326],[138.8215,36.8171],[138.8209,36.7641],[138.7894,36.745],[138.7263,36.7638],[138.7026,36.7369],[138.6692,36.7763],[138.6956,36.8075],[138.6802,36.8222],[138.6909,36.8572],[138.5895,36.9141],[138.5864,36.9874],[138.5658,37.0214],[138.5137,37.0297],[138.3947,36.9973],[138.3431,36.9209],[138.2984,36.9131],[138.2889,36.8474],[138.2136,36.8703],[138.1659,36.8448],[138.1152,36.8505],[138.0528,36.8001],[138.0033,36.8267],[138.0313,36.8782],[138.0137,36.9039],[137.8688,36.9161],[137.8764,36.8672],[137.8311,36.8089],[137.7625,36.7664],[137.7299,36.8269],[137.711,36.9446],[137.6675,36.9503],[137.6349,36.9803],[137.909,37.06],[138.051,37.1303],[138.1017,37.1744],[138.2163,37.1699],[138.2468,37.1815],[138.255,37.2075],[138.2495,37.1825],[138.4363,37.3241],[138.554,37.3783],[138.6172,37.4837],[138.7468,37.604],[138.7878,37.7259],[138.8402,37.8142],[139.0696,37.9523],[139.2305,37.9946],[139.3718,38.106],[139.4504,38.2389],[139.4574,38.3965],[139.5482,38.5534]]],[[[138.2449,37.8027],[138.206,37.8281],[138.2722,37.8519],[138.2849,37.9199],[138.3431,37.9645],[138.3014,38.007],[138.2744,38.0032],[138.2549,37.965],[138.2286,37.9795],[138.2215,38.0222],[138.2395,38.0303],[138.2423,38.0875],[138.3251,38.1987],[138.439,38.2655],[138.4589,38.3214],[138.5146,38.3325],[138.4928,38.204],[138.4505,38.1475],[138.4349,38.0865],[138.4821,38.0624],[138.5624,38.0881],[138.5735,38.0635],[138.5464,38.0083],[138.4703,37.8971],[138.3549,37.8298],[138.2449,37.8027]]]]}},{"type":"Feature","properties":{"code":"39","name":"高知県"},"geometry":{"type":"MultiPolygon","coordinates":[[[[133.5826,33.8676],[133.6455,33.883],[133.7468,33.8368],[133.8386,33.8446],[133.8718,33.806],[133.9131,33.7915],[133.9409,33.7991],[133.9604,33.8347],[134.0324,33.8283],[134.0673,33.7262],[134.0575,33.6908],[134.1743,33.6836],[134.1835,33.6489],[134.1492,33.6291],[134.1927,33.5615],[134.306,33.5527],[134.2084,33.3947],[134.1766,33.2435],[134.1492,33.2861],[134.1086,33.2959],[134.1021,33.327],[134.0387,33.3705],[134.0306,33.4122],[133.9592,33.4422],[133.9343,33.4866],[133.7686,33.5155],[133.729,33.5381],[133.5644,33.5008],[133.5604,33.5525],[133.5459,33.5179],[133.5739,33.4957],[133.3498,33.4157],[133.4026,33.4145],[133.4159,33.4389],[133.4572,33.4199],[133.4058,33.3973],[133.3426,33.3985],[133.3181,33.355],[133.3238,33.3775],[133.2891,33.382],[133.3039,33.3905],[133.2886,33.4053],[133.2939,33.3883],[133.2583,33.3651],[133.2633,33.3403],[133.2309,33.3235],[133.2603,33.3101],[133.2379,33.2959],[133.2628,33.2576],[133.2399,33.1969],[133.2097,33.1828],[133.2224,33.1531],[133.1914,33.1671],[133.17,33.1502],[133.141,33.0971],[133.1043,33.0725],[133.0937,33.0233],[133.0396,33.0379],[133.0111,33.0151],[132.9921,32.9517],[133.0087,32.8819],[132.9486,32.8565],[132.9522,32.8127],[133.0011,32.7873],[133.0198,32.7238],[132.9663,32.7291],[132.9525,32.7642],[132.9691,32.7773],[132.9454,32.7649],[132.9357,32.7865],[132.8804,32.7897],[132.8688,32.7658],[132.8613,32.7903],[132.8023,32.7471],[132.7564,32.7532],[132.7109,32.7983],[132.628,32.7637],[132.6438,32.7869],[132.6261,32.7957],[132.6557,32.8009],[132.644,32.82],[132.6728,32.8412],[132.656,32.8528],[132.6954,32.8865],[132.7208,32.8805],[132.704,32.8945],[132.7202,32.8971],[132.7075,32.9259],[132.6546,32.9249],[132.6908,32.9739],[132.657,33.057],[132.6627,33.1089],[132.6289,33.1323],[132.6189,33.1809],[132.6349,33.1863],[132.6955,33.1383],[132.7409,33.2007],[132.775,33.2062],[132.7933,33.2745],[132.8998,33.3207],[132.8063,33.4605],[132.8474,33.4791],[132.9557,33.4663],[133.0148,33.4808],[133.063,33.5435],[133.046,33.5754],[133.079,33.6086],[133.0768,33.6534],[133.1161,33.6603],[133.1932,33.7937],[133.2365,33.7828],[133.2767,33.8308],[133.3258,33.8145],[133.4154,33.8397],[133.4968,33.8293],[133.5391,33.8774],[133.5826,33.8676]]]]}},{"type":"Feature","properties":{"code":"45","name":"宮崎県"},"geometry":{"type":"MultiPolygon","coordinates":[[[[131.5077,32.774],[131.5664,32.7543],[131.5916,32.7751],[131.7078,32.7716],[131.7368,32.8329],[131.7674,32.8385],[131.8579,32.8213],[131.8471,32.7361],[131.8851,32.7457],[131.8493,32.7191],[131.8504,32.6933],[131.8259,32.7063],[131.7901,32.6629],[131.7781,32.6741],[131.7502,32.6455],[131.7724,32.6339],[131.7536,32.6017],[131.6932,32.5677],[131.6848,32.5085],[131.7134,32.5197],[131.7277,32.4926],[131.6941,32.4693],[131.6583,32.4826],[131.6414,32.4388],[131.6706,32.4371],[131.6735,32.4539],[131.6776,32.4301],[131.6541,32.4271],[131.6879,32.4226],[131.642,32.407],[131.6274,32.3429],[131.5831,32.2869],[131.4632,31.9138],[131.4816,31.9199],[131.4618,31.9067],[131.4537,31.8181],[131.4874,31.7855],[131.4575,31.7093],[131.4678,31.6864],[131.4495,31.6798],[131.4685,31.6451],[131.3811,31.5552],[131.3722,31.5068],[131.388,31.4847],[131.3617,31.4699],[131.3707,31.4307],[131.3318,31.3952],[131.3488,31.3718],[131.3366,31.3607],[131.3086,31.3903],[131.255,31.3802],[131.2411,31.4267],[131.1603,31.4597],[131.1692,31.4998],[131.1986,31.5143],[131.1877,31.6235],[131.1642,31.6391],[131.1149,31.6299],[131.0783,31.6597],[131.0531,31.6337],[131.0251,31.6662],[131.0142,31.7485],[130.9773,31.7532],[130.9866,31.7792],[130.8761,31.8154],[130.8746,31.8429],[130.913,31.8857],[130.8658,31.933],[130.7995,31.9493],[130.7774,32.0139],[130.703,32.0575],[130.7036,32.0784],[130.7343,32.1087],[130.8202,32.0949],[130.9044,32.1331],[130.9724,32.1211],[131.0127,32.1738],[131.1081,32.1599],[131.0997,32.2014],[131.0415,32.2502],[131.0503,32.2863],[131.0779,32.2813],[131.1105,32.3285],[131.0735,32.3575],[131.0665,32.4074],[131.0422,32.4091],[131.019,32.4395],[131.0062,32.4925],[131.0249,32.5209],[131.0186,32.5491],[131.0503,32.5865],[131.1073,32.5831],[131.1162,32.6427],[131.1429,32.6761],[131.1747,32.6725],[131.1788,32.7111],[131.2342,32.7442],[131.2344,32.7811],[131.2649,32.8262],[131.3396,32.8331],[131.3655,32.8034],[131.4744,32.8371],[131.5168,32.8003],[131.5077,32.774]]]]}},{"type":"Feature","properties":{"code":"14","name":"神奈川県"},"geometry":{"type":"MultiPolygon","coordinates":[[[[139.131,35.6718],[139.2157,35.6461],[139.2529,35.6019],[139.2822,35.613],[139.3986,35.5844],[139.4678,35.5022],[139.485,35.5039],[139.4732,35.5763],[139.49,35.5841],[139.4896,35.5615],[139.5072,35.5757],[139.4493,35.6118],[139.463,35.6249],[139.4968,35.6048],[139.5254,35.6427],[139.6653,35.5889],[139.7018,35.5372],[139.7575,35.5442],[139.7898,35.5267],[139.7942,35.5118],[139.7763,35.5095],[139.752,35.5331],[139.7649,35.5116],[139.7514,35.5237],[139.7339,35.5005],[139.725,35.5169],[139.7318,35.4995],[139.6322,35.466],[139.6603,35.4412],[139.6743,35.4496],[139.6755,35.4315],[139.6907,35.4392],[139.6697,35.4027],[139.6318,35.4105],[139.6455,35.4029],[139.6221,35.396],[139.6565,35.3727],[139.657,35.3416],[139.6225,35.332],[139.6608,35.3281],[139.634,35.2951],[139.6606,35.2831],[139.6718,35.3009],[139.691,35.2673],[139.7466,35.2532],[139.7176,35.2471],[139.725,35.2119],[139.6565,35.185],[139.678,35.1393],[139.6109,35.141],[139.6107,35.1629],[139.6268,35.1628],[139.5998,35.1948],[139.6275,35.2155],[139.5764,35.2532],[139.5693,35.2937],[139.5355,35.3088],[139.4777,35.2975],[139.438,35.3189],[139.2468,35.2915],[139.1477,35.2407],[139.1373,35.1788],[139.161,35.141],[139.0287,35.1506],[138.976,35.2356],[139.0187,35.3298],[139.0017,35.3988],[138.9174,35.41],[138.9372,35.4489],[139.113,35.5374],[139.1291,35.5637],[139.1178,35.6531],[139.131,35.6718]]]]}}]}